<metadata xml:lang="en"><Esri><CreaDate>20210420</CreaDate><CreaTime>11311000</CreaTime><ArcGISFormat>1.0</ArcGISFormat><SyncOnce>FALSE</SyncOnce><DataProperties><lineage><Process ToolSource="c:\program files\arcgis\pro\Resources\ArcToolbox\toolboxes\Data Management Tools.tbx\Append" Date="20210420" Time="113110">Append Sustracciones_Definitivas_Ley2_marzo_2021 "D:\Users\sigsiac.tic\Documents\ArcGIS\Projects\GDB_creation\MADS_CARTOGRAFIA (3).sde\prod_sig_mads.mads_cartografia.Reservas\prod_sig_mads.mads_cartografia.Sustr_Def_Ley2" "Use the field map to reconcile field differences" "id "id" true true false 12 Text 0 0,First,#,Sustracciones_Definitivas_Ley2_marzo_2021,Id,0,12;id_ley2 "id_ley2" true true false 7 Text 0 0,First,#,Sustracciones_Definitivas_Ley2_marzo_2021,Id_Ley2,0,7;nom_ley2 "nom_ley2" true true false 150 Text 0 0,First,#,Sustracciones_Definitivas_Ley2_marzo_2021,Nom_Ley2,0,150;sustrajo "sustrajo" true true false 20 Text 0 0,First,#,Sustracciones_Definitivas_Ley2_marzo_2021,Sustrajo,0,20;sector "sector" true true false 100 Text 0 0,First,#,Sustracciones_Definitivas_Ley2_marzo_2021,Sector,0,100;solicitante "solicitante" true true false 250 Text 0 0,First,#,Sustracciones_Definitivas_Ley2_marzo_2021,Solicitant,0,250;acto_admin "acto_admin" true true false 250 Text 0 0,First,#,Sustracciones_Definitivas_Ley2_marzo_2021,Acto_Admin,0,250;fecha_acto "fecha_acto" true true false 8 Date 0 0,First,#,Sustracciones_Definitivas_Ley2_marzo_2021,Fecha_Acto,-1,-1;municipio "municipio" true true false 255 Text 0 0,First,#,Sustracciones_Definitivas_Ley2_marzo_2021,Municipio,0,254;departament "departament" true true false 255 Text 0 0,First,#,Sustracciones_Definitivas_Ley2_marzo_2021,Departamen,0,254;observacio "observacio" true true false 250 Text 0 0,First,#,Sustracciones_Definitivas_Ley2_marzo_2021,Observacio,0,250;area_ha "area_ha" true true false 8 Double 6 38,First,#,Sustracciones_Definitivas_Ley2_marzo_2021,Area_Ha,-1,-1;fecha_ingreso "fecha_ingreso" true true false 8 Date 0 0,First,#,Sustracciones_Definitivas_Ley2_marzo_2021,Fecha_Ingr,-1,-1;fecha_recoleccion "fecha_recoleccion" true true false 8 Date 0 0,First,#,Sustracciones_Definitivas_Ley2_marzo_2021,Fecha_Reco,-1,-1" # #</Process><Process ToolSource="c:\program files\arcgis\pro\Resources\ArcToolbox\toolboxes\Data Management Tools.tbx\Append" Date="20210429" Time="101129">Append Sustracciones_Definitivas_Ley2_abril_2021 "D:\Users\sigsiac.tic\Documents\ArcGIS\Projects\GDB_creation\MADS_CARTOGRAFIA (2).sde\prod_sig_mads.mads_cartografia.Reservas\prod_sig_mads.mads_cartografia.Sustr_Def_Ley2" "Use the field map to reconcile field differences" "id "id" true true false 12 Text 0 0,First,#,Sustracciones_Definitivas_Ley2_abril_2021,Id,0,12;id_ley2 "id_ley2" true true false 7 Text 0 0,First,#,Sustracciones_Definitivas_Ley2_abril_2021,Id_Ley2,0,7;nom_ley2 "nom_ley2" true true false 150 Text 0 0,First,#,Sustracciones_Definitivas_Ley2_abril_2021,Nom_Ley2,0,150;sustrajo "sustrajo" true true false 20 Text 0 0,First,#,Sustracciones_Definitivas_Ley2_abril_2021,Sustrajo,0,20;sector "sector" true true false 100 Text 0 0,First,#,Sustracciones_Definitivas_Ley2_abril_2021,Sector,0,100;solicitante "solicitante" true true false 250 Text 0 0,First,#,Sustracciones_Definitivas_Ley2_abril_2021,Solicitant,0,250;acto_admin "acto_admin" true true false 250 Text 0 0,First,#,Sustracciones_Definitivas_Ley2_abril_2021,Acto_Admin,0,250;fecha_acto "fecha_acto" true true false 8 Date 0 0,First,#,Sustracciones_Definitivas_Ley2_abril_2021,Fecha_Acto,-1,-1;municipio "municipio" true true false 255 Text 0 0,First,#,Sustracciones_Definitivas_Ley2_abril_2021,Municipio,0,254;departament "departament" true true false 255 Text 0 0,First,#,Sustracciones_Definitivas_Ley2_abril_2021,Departamen,0,254;observacio "observacio" true true false 250 Text 0 0,First,#,Sustracciones_Definitivas_Ley2_abril_2021,Observacio,0,250;area_ha "area_ha" true true false 8 Double 6 38,First,#,Sustracciones_Definitivas_Ley2_abril_2021,Area_Ha,-1,-1;fecha_ingreso "fecha_ingreso" true true false 8 Date 0 0,First,#,Sustracciones_Definitivas_Ley2_abril_2021,Fecha_Ingr,-1,-1;fecha_recoleccion "fecha_recoleccion" true true false 8 Date 0 0,First,#,Sustracciones_Definitivas_Ley2_abril_2021,Fecha_Reco,-1,-1" # #</Process><Process ToolSource="c:\program files\arcgis\pro\Resources\ArcToolbox\toolboxes\Data Management Tools.tbx\Append" Date="20210526" Time="095304">Append Sustracciones_Definitivas_Ley2_Mayo_2021 "D:\Users\sigsiac.tic\Documents\ArcGIS\Projects\GDB_creation\MADS_CARTOGRAFIA (2).sde\prod_sig_mads.mads_cartografia.Reservas\prod_sig_mads.mads_cartografia.Sustr_Def_Ley2" "Use the field map to reconcile field differences" "id "id" true true false 12 Text 0 0,First,#,D:\Users\sigsiac.tic\Documents\CAPAS MINISTERIO\ACTUALIZACION MAYO 25 DE 2021\Sustraccion Definitiva Reservas Ley2 Mayo 2021-20210526T143852Z-001\Sustraccion Definitiva Reservas Ley2 Mayo 2021\Sustracciones_Definitivas_Ley2_Mayo_2021.shp,Id,0,12;id_ley2 "id_ley2" true true false 7 Text 0 0,First,#,D:\Users\sigsiac.tic\Documents\CAPAS MINISTERIO\ACTUALIZACION MAYO 25 DE 2021\Sustraccion Definitiva Reservas Ley2 Mayo 2021-20210526T143852Z-001\Sustraccion Definitiva Reservas Ley2 Mayo 2021\Sustracciones_Definitivas_Ley2_Mayo_2021.shp,Id_Ley2,0,7;nom_ley2 "nom_ley2" true true false 150 Text 0 0,First,#,D:\Users\sigsiac.tic\Documents\CAPAS MINISTERIO\ACTUALIZACION MAYO 25 DE 2021\Sustraccion Definitiva Reservas Ley2 Mayo 2021-20210526T143852Z-001\Sustraccion Definitiva Reservas Ley2 Mayo 2021\Sustracciones_Definitivas_Ley2_Mayo_2021.shp,Nom_Ley2,0,150;sustrajo "sustrajo" true true false 20 Text 0 0,First,#,D:\Users\sigsiac.tic\Documents\CAPAS MINISTERIO\ACTUALIZACION MAYO 25 DE 2021\Sustraccion Definitiva Reservas Ley2 Mayo 2021-20210526T143852Z-001\Sustraccion Definitiva Reservas Ley2 Mayo 2021\Sustracciones_Definitivas_Ley2_Mayo_2021.shp,Sustrajo,0,20;sector "sector" true true false 100 Text 0 0,First,#,D:\Users\sigsiac.tic\Documents\CAPAS MINISTERIO\ACTUALIZACION MAYO 25 DE 2021\Sustraccion Definitiva Reservas Ley2 Mayo 2021-20210526T143852Z-001\Sustraccion Definitiva Reservas Ley2 Mayo 2021\Sustracciones_Definitivas_Ley2_Mayo_2021.shp,Sector,0,100;solicitante "solicitante" true true false 250 Text 0 0,First,#,Sustracciones_Definitivas_Ley2_Mayo_2021,Solicitant,0,250;acto_admin "acto_admin" true true false 250 Text 0 0,First,#,D:\Users\sigsiac.tic\Documents\CAPAS MINISTERIO\ACTUALIZACION MAYO 25 DE 2021\Sustraccion Definitiva Reservas Ley2 Mayo 2021-20210526T143852Z-001\Sustraccion Definitiva Reservas Ley2 Mayo 2021\Sustracciones_Definitivas_Ley2_Mayo_2021.shp,Acto_Admin,0,250;fecha_acto "fecha_acto" true true false 8 Date 0 0,First,#,D:\Users\sigsiac.tic\Documents\CAPAS MINISTERIO\ACTUALIZACION MAYO 25 DE 2021\Sustraccion Definitiva Reservas Ley2 Mayo 2021-20210526T143852Z-001\Sustraccion Definitiva Reservas Ley2 Mayo 2021\Sustracciones_Definitivas_Ley2_Mayo_2021.shp,Fecha_Acto,-1,-1;municipio "municipio" true true false 255 Text 0 0,First,#,D:\Users\sigsiac.tic\Documents\CAPAS MINISTERIO\ACTUALIZACION MAYO 25 DE 2021\Sustraccion Definitiva Reservas Ley2 Mayo 2021-20210526T143852Z-001\Sustraccion Definitiva Reservas Ley2 Mayo 2021\Sustracciones_Definitivas_Ley2_Mayo_2021.shp,Municipio,0,254;departament "departament" true true false 255 Text 0 0,First,#,Sustracciones_Definitivas_Ley2_Mayo_2021,Departamen,0,254;observacio "observacio" true true false 250 Text 0 0,First,#,D:\Users\sigsiac.tic\Documents\CAPAS MINISTERIO\ACTUALIZACION MAYO 25 DE 2021\Sustraccion Definitiva Reservas Ley2 Mayo 2021-20210526T143852Z-001\Sustraccion Definitiva Reservas Ley2 Mayo 2021\Sustracciones_Definitivas_Ley2_Mayo_2021.shp,Observacio,0,250;area_ha "area_ha" true true false 8 Double 6 38,First,#,D:\Users\sigsiac.tic\Documents\CAPAS MINISTERIO\ACTUALIZACION MAYO 25 DE 2021\Sustraccion Definitiva Reservas Ley2 Mayo 2021-20210526T143852Z-001\Sustraccion Definitiva Reservas Ley2 Mayo 2021\Sustracciones_Definitivas_Ley2_Mayo_2021.shp,Area_Ha,-1,-1;fecha_ingreso "fecha_ingreso" true true false 8 Date 0 0,First,#,Sustracciones_Definitivas_Ley2_Mayo_2021,Fecha_Ingr,-1,-1;fecha_recoleccion "fecha_recoleccion" true true false 8 Date 0 0,First,#,Sustracciones_Definitivas_Ley2_Mayo_2021,Fecha_Reco,-1,-1" # #</Process><Process ToolSource="c:\program files\arcgis\pro\Resources\ArcToolbox\toolboxes\Data Management Tools.tbx\Append" Date="20210625" Time="141407">Append Sustracciones_Definitivas_Ley2_Junio_2021 "D:\Users\sigsiac.tic\Documents\ArcGIS\Projects\GDB_creation\MADS_CARTOGRAFIA (2).sde\prod_sig_mads.mads_cartografia.Reservas\prod_sig_mads.mads_cartografia.Sustr_Def_Ley2" "Use the field map to reconcile field differences" "id "id" true true false 12 Text 0 0,First,#,Sustracciones_Definitivas_Ley2_Junio_2021,ID_DBBSE,0,50;id_ley2 "id_ley2" true true false 7 Text 0 0,First,#,D:\Users\sigsiac.tic\Documents\CAPAS MINISTERIO\ACTUALIZACION JUNIO25 DE 2021\SUSTRACCIONES DEFINITIVAS_JUNIO\Sustracciones_Definitivas_Ley2_Junio_2021.shp,Id_Ley2,0,50;nom_ley2 "nom_ley2" true true false 150 Text 0 0,First,#,D:\Users\sigsiac.tic\Documents\CAPAS MINISTERIO\ACTUALIZACION JUNIO25 DE 2021\SUSTRACCIONES DEFINITIVAS_JUNIO\Sustracciones_Definitivas_Ley2_Junio_2021.shp,Nom_Ley2,0,50;sustrajo "sustrajo" true true false 20 Text 0 0,First,#,D:\Users\sigsiac.tic\Documents\CAPAS MINISTERIO\ACTUALIZACION JUNIO25 DE 2021\SUSTRACCIONES DEFINITIVAS_JUNIO\Sustracciones_Definitivas_Ley2_Junio_2021.shp,Sustrajo,0,50;sector "sector" true true false 100 Text 0 0,First,#,D:\Users\sigsiac.tic\Documents\CAPAS MINISTERIO\ACTUALIZACION JUNIO25 DE 2021\SUSTRACCIONES DEFINITIVAS_JUNIO\Sustracciones_Definitivas_Ley2_Junio_2021.shp,SECTOR,0,200;solicitante "solicitante" true true false 250 Text 0 0,First,#,Sustracciones_Definitivas_Ley2_Junio_2021,SOLICITANT,0,200;acto_admin "acto_admin" true true false 250 Text 0 0,First,#,Sustracciones_Definitivas_Ley2_Junio_2021,Acto_admi,0,50;fecha_acto "fecha_acto" true true false 8 Date 0 0,First,#,D:\Users\sigsiac.tic\Documents\CAPAS MINISTERIO\ACTUALIZACION JUNIO25 DE 2021\SUSTRACCIONES DEFINITIVAS_JUNIO\Sustracciones_Definitivas_Ley2_Junio_2021.shp,Fecha_Acto,-1,-1;municipio "municipio" true true false 255 Text 0 0,First,#,D:\Users\sigsiac.tic\Documents\CAPAS MINISTERIO\ACTUALIZACION JUNIO25 DE 2021\SUSTRACCIONES DEFINITIVAS_JUNIO\Sustracciones_Definitivas_Ley2_Junio_2021.shp,MUNICIPIO,0,100;departament "departament" true true false 255 Text 0 0,First,#,Sustracciones_Definitivas_Ley2_Junio_2021,Departamen,0,50;observacio "observacio" true true false 250 Text 0 0,First,#,D:\Users\sigsiac.tic\Documents\CAPAS MINISTERIO\ACTUALIZACION JUNIO25 DE 2021\SUSTRACCIONES DEFINITIVAS_JUNIO\Sustracciones_Definitivas_Ley2_Junio_2021.shp,Observacio,0,100;area_ha "area_ha" true true false 8 Double 6 38,First,#,D:\Users\sigsiac.tic\Documents\CAPAS MINISTERIO\ACTUALIZACION JUNIO25 DE 2021\SUSTRACCIONES DEFINITIVAS_JUNIO\Sustracciones_Definitivas_Ley2_Junio_2021.shp,AREA_HA,-1,-1;fecha_ingreso "fecha_ingreso" true true false 8 Date 0 0,First,#,Sustracciones_Definitivas_Ley2_Junio_2021,Fecha_Ingr,-1,-1;fecha_recoleccion "fecha_recoleccion" true true false 8 Date 0 0,First,#,Sustracciones_Definitivas_Ley2_Junio_2021,Fecha_Reco,-1,-1" # #</Process><Process ToolSource="c:\program files\arcgis\pro\Resources\ArcToolbox\toolboxes\Data Management Tools.tbx\CalculateField" Date="20210625" Time="141500">CalculateField prod_sig_mads.mads_cartografia.Sustr_Def_Ley2 solicitante !solicitante!.title() "Python 3" # Text NO_ENFORCE_DOMAINS</Process><Process ToolSource="c:\program files\arcgis\pro\Resources\ArcToolbox\toolboxes\Data Management Tools.tbx\Append" Date="20210728" Time="104736">Append Sustr_Def_Ley2 "D:\Users\sigsiac.tic\Documents\ArcGIS\Projects\GDB_creation\MADS_CARTOGRAFIA (2).sde\prod_sig_mads.mads_cartografia.Reservas\prod_sig_mads.mads_cartografia.Sustr_Def_Ley2" "Use the field map to reconcile field differences" "id "id" true true false 12 Text 0 0,First,#,D:\Users\sigsiac.tic\Documents\replicas\RECIBIDAS\Ley2_replica_27072021.gdb\Ley2_replica_27072021.gdb\Reservas\Sustr_Def_Ley2,id,0,12;id_ley2 "id_ley2" true true false 7 Text 0 0,First,#,D:\Users\sigsiac.tic\Documents\replicas\RECIBIDAS\Ley2_replica_27072021.gdb\Ley2_replica_27072021.gdb\Reservas\Sustr_Def_Ley2,id_ley2,0,7;nom_ley2 "nom_ley2" true true false 150 Text 0 0,First,#,D:\Users\sigsiac.tic\Documents\replicas\RECIBIDAS\Ley2_replica_27072021.gdb\Ley2_replica_27072021.gdb\Reservas\Sustr_Def_Ley2,nom_ley2,0,150;sustrajo "sustrajo" true true false 20 Text 0 0,First,#,D:\Users\sigsiac.tic\Documents\replicas\RECIBIDAS\Ley2_replica_27072021.gdb\Ley2_replica_27072021.gdb\Reservas\Sustr_Def_Ley2,sustrajo,0,20;sector "sector" true true false 100 Text 0 0,First,#,D:\Users\sigsiac.tic\Documents\replicas\RECIBIDAS\Ley2_replica_27072021.gdb\Ley2_replica_27072021.gdb\Reservas\Sustr_Def_Ley2,sector,0,100;solicitante "solicitante" true true false 250 Text 0 0,First,#,D:\Users\sigsiac.tic\Documents\replicas\RECIBIDAS\Ley2_replica_27072021.gdb\Ley2_replica_27072021.gdb\Reservas\Sustr_Def_Ley2,solicitante,0,250;acto_admin "acto_admin" true true false 250 Text 0 0,First,#,D:\Users\sigsiac.tic\Documents\replicas\RECIBIDAS\Ley2_replica_27072021.gdb\Ley2_replica_27072021.gdb\Reservas\Sustr_Def_Ley2,acto_admin,0,250;fecha_acto "fecha_acto" true true false 8 Date 0 0,First,#,D:\Users\sigsiac.tic\Documents\replicas\RECIBIDAS\Ley2_replica_27072021.gdb\Ley2_replica_27072021.gdb\Reservas\Sustr_Def_Ley2,fecha_acto,-1,-1;municipio "municipio" true true false 255 Text 0 0,First,#,D:\Users\sigsiac.tic\Documents\replicas\RECIBIDAS\Ley2_replica_27072021.gdb\Ley2_replica_27072021.gdb\Reservas\Sustr_Def_Ley2,municipio,0,255;departament "departament" true true false 255 Text 0 0,First,#,D:\Users\sigsiac.tic\Documents\replicas\RECIBIDAS\Ley2_replica_27072021.gdb\Ley2_replica_27072021.gdb\Reservas\Sustr_Def_Ley2,departament,0,255;observacio "observacio" true true false 250 Text 0 0,First,#,D:\Users\sigsiac.tic\Documents\replicas\RECIBIDAS\Ley2_replica_27072021.gdb\Ley2_replica_27072021.gdb\Reservas\Sustr_Def_Ley2,observacio,0,250;area_ha "area_ha" true true false 8 Double 6 38,First,#,D:\Users\sigsiac.tic\Documents\replicas\RECIBIDAS\Ley2_replica_27072021.gdb\Ley2_replica_27072021.gdb\Reservas\Sustr_Def_Ley2,area_ha,-1,-1;fecha_ingreso "fecha_ingreso" true true false 8 Date 0 0,First,#,D:\Users\sigsiac.tic\Documents\replicas\RECIBIDAS\Ley2_replica_27072021.gdb\Ley2_replica_27072021.gdb\Reservas\Sustr_Def_Ley2,fecha_ingreso,-1,-1;fecha_recoleccion "fecha_recoleccion" true true false 8 Date 0 0,First,#,D:\Users\sigsiac.tic\Documents\replicas\RECIBIDAS\Ley2_replica_27072021.gdb\Ley2_replica_27072021.gdb\Reservas\Sustr_Def_Ley2,fecha_recoleccion,-1,-1" # #</Process><Process ToolSource="c:\program files\arcgis\pro\Resources\ArcToolbox\toolboxes\Data Management Tools.tbx\Append" Date="20210825" Time="160411">Append D:\Users\sigsiac.tic\Documents\replicas\01RECIBIDAS\Ley2_replica_24082021.gdb\Ley2_replica_24082021.gdb\Reservas\Sust_Def_Ley2 "D:\Users\sigsiac.tic\Documents\ArcGIS\Projects\GDB_creation\MADS_CARTOGRAFIA (2).sde\prod_sig_mads.mads_cartografia.Reservas\prod_sig_mads.mads_cartografia.Sustr_Def_Ley2" "Use the field map to reconcile field differences" "id "id" true true false 12 Text 0 0,First,#,D:\Users\sigsiac.tic\Documents\replicas\01RECIBIDAS\Ley2_replica_24082021.gdb\Ley2_replica_24082021.gdb\Reservas\Sust_Def_Ley2,id,0,12;id_ley2 "id_ley2" true true false 7 Text 0 0,First,#,D:\Users\sigsiac.tic\Documents\replicas\01RECIBIDAS\Ley2_replica_24082021.gdb\Ley2_replica_24082021.gdb\Reservas\Sust_Def_Ley2,id_ley2,0,7;nom_ley2 "nom_ley2" true true false 150 Text 0 0,First,#,D:\Users\sigsiac.tic\Documents\replicas\01RECIBIDAS\Ley2_replica_24082021.gdb\Ley2_replica_24082021.gdb\Reservas\Sust_Def_Ley2,nom_ley2,0,150;sustrajo "sustrajo" true true false 20 Text 0 0,First,#,D:\Users\sigsiac.tic\Documents\replicas\01RECIBIDAS\Ley2_replica_24082021.gdb\Ley2_replica_24082021.gdb\Reservas\Sust_Def_Ley2,sustrajo,0,20;sector "sector" true true false 100 Text 0 0,First,#,D:\Users\sigsiac.tic\Documents\replicas\01RECIBIDAS\Ley2_replica_24082021.gdb\Ley2_replica_24082021.gdb\Reservas\Sust_Def_Ley2,sector,0,100;solicitante "solicitante" true true false 250 Text 0 0,First,#,D:\Users\sigsiac.tic\Documents\replicas\01RECIBIDAS\Ley2_replica_24082021.gdb\Ley2_replica_24082021.gdb\Reservas\Sust_Def_Ley2,solicitant,0,250;acto_admin "acto_admin" true true false 250 Text 0 0,First,#,D:\Users\sigsiac.tic\Documents\replicas\01RECIBIDAS\Ley2_replica_24082021.gdb\Ley2_replica_24082021.gdb\Reservas\Sust_Def_Ley2,acto_admin,0,250;fecha_acto "fecha_acto" true true false 8 Date 0 0,First,#,D:\Users\sigsiac.tic\Documents\replicas\01RECIBIDAS\Ley2_replica_24082021.gdb\Ley2_replica_24082021.gdb\Reservas\Sust_Def_Ley2,fecha_acto,-1,-1;municipio "municipio" true true false 255 Text 0 0,First,#,D:\Users\sigsiac.tic\Documents\replicas\01RECIBIDAS\Ley2_replica_24082021.gdb\Ley2_replica_24082021.gdb\Reservas\Sust_Def_Ley2,municipio,0,254;departament "departament" true true false 255 Text 0 0,First,#,D:\Users\sigsiac.tic\Documents\replicas\01RECIBIDAS\Ley2_replica_24082021.gdb\Ley2_replica_24082021.gdb\Reservas\Sust_Def_Ley2,departamen,0,254;observacio "observacio" true true false 250 Text 0 0,First,#,D:\Users\sigsiac.tic\Documents\replicas\01RECIBIDAS\Ley2_replica_24082021.gdb\Ley2_replica_24082021.gdb\Reservas\Sust_Def_Ley2,observacio,0,250;area_ha "area_ha" true true false 8 Double 6 38,First,#,D:\Users\sigsiac.tic\Documents\replicas\01RECIBIDAS\Ley2_replica_24082021.gdb\Ley2_replica_24082021.gdb\Reservas\Sust_Def_Ley2,area_ha,-1,-1;fecha_ingreso "fecha_ingreso" true true false 8 Date 0 0,First,#,D:\Users\sigsiac.tic\Documents\replicas\01RECIBIDAS\Ley2_replica_24082021.gdb\Ley2_replica_24082021.gdb\Reservas\Sust_Def_Ley2,fecha_ingr,-1,-1;fecha_recoleccion "fecha_recoleccion" true true false 8 Date 0 0,First,#,D:\Users\sigsiac.tic\Documents\replicas\01RECIBIDAS\Ley2_replica_24082021.gdb\Ley2_replica_24082021.gdb\Reservas\Sust_Def_Ley2,fecha_reco,-1,-1" # #</Process><Process ToolSource="c:\program files\arcgis\pro\Resources\ArcToolbox\toolboxes\Data Management Tools.tbx\Append" Date="20210924" Time="162659">Append Sustr_Def_Ley2 "D:\Users\sigsiac.tic\Documents\ArcGIS\Projects\GDB_creation\MADS_CARTOGRAFIA (2).sde\prod_sig_mads.mads_cartografia.Reservas\prod_sig_mads.mads_cartografia.Sustr_Def_Ley2" "Use the field map to reconcile field differences" "id "id" true true false 12 Text 0 0,First,#,D:\Users\sigsiac.tic\Documents\replicas\01RECIBIDAS\Reservas_replica_24092021.gdb\Reservas_replica_22092021.gdb\Reservas\Sustr_Def_Ley2,id,0,12;id_ley2 "id_ley2" true true false 7 Text 0 0,First,#,D:\Users\sigsiac.tic\Documents\replicas\01RECIBIDAS\Reservas_replica_24092021.gdb\Reservas_replica_22092021.gdb\Reservas\Sustr_Def_Ley2,id_ley2,0,7;nom_ley2 "nom_ley2" true true false 150 Text 0 0,First,#,D:\Users\sigsiac.tic\Documents\replicas\01RECIBIDAS\Reservas_replica_24092021.gdb\Reservas_replica_22092021.gdb\Reservas\Sustr_Def_Ley2,nom_ley2,0,150;sustrajo "sustrajo" true true false 20 Text 0 0,First,#,D:\Users\sigsiac.tic\Documents\replicas\01RECIBIDAS\Reservas_replica_24092021.gdb\Reservas_replica_22092021.gdb\Reservas\Sustr_Def_Ley2,sustrajo,0,20;sector "sector" true true false 100 Text 0 0,First,#,D:\Users\sigsiac.tic\Documents\replicas\01RECIBIDAS\Reservas_replica_24092021.gdb\Reservas_replica_22092021.gdb\Reservas\Sustr_Def_Ley2,sector,0,100;solicitante "solicitante" true true false 250 Text 0 0,First,#,Sustr_Def_Ley2,solicitant,0,250;acto_admin "acto_admin" true true false 250 Text 0 0,First,#,D:\Users\sigsiac.tic\Documents\replicas\01RECIBIDAS\Reservas_replica_24092021.gdb\Reservas_replica_22092021.gdb\Reservas\Sustr_Def_Ley2,acto_admin,0,250;fecha_acto "fecha_acto" true true false 8 Date 0 0,First,#,D:\Users\sigsiac.tic\Documents\replicas\01RECIBIDAS\Reservas_replica_24092021.gdb\Reservas_replica_22092021.gdb\Reservas\Sustr_Def_Ley2,fecha_acto,-1,-1;municipio "municipio" true true false 255 Text 0 0,First,#,D:\Users\sigsiac.tic\Documents\replicas\01RECIBIDAS\Reservas_replica_24092021.gdb\Reservas_replica_22092021.gdb\Reservas\Sustr_Def_Ley2,municipio,0,254;departament "departament" true true false 255 Text 0 0,First,#,Sustr_Def_Ley2,departamen,0,254;observacio "observacio" true true false 250 Text 0 0,First,#,D:\Users\sigsiac.tic\Documents\replicas\01RECIBIDAS\Reservas_replica_24092021.gdb\Reservas_replica_22092021.gdb\Reservas\Sustr_Def_Ley2,observacio,0,250;area_ha "area_ha" true true false 8 Double 6 38,First,#,D:\Users\sigsiac.tic\Documents\replicas\01RECIBIDAS\Reservas_replica_24092021.gdb\Reservas_replica_22092021.gdb\Reservas\Sustr_Def_Ley2,area_ha,-1,-1;fecha_ingreso "fecha_ingreso" true true false 8 Date 0 0,First,#,Sustr_Def_Ley2,fecha_ingr,-1,-1;fecha_recoleccion "fecha_recoleccion" true true false 8 Date 0 0,First,#,Sustr_Def_Ley2,fecha_reco,-1,-1" # #</Process><Process ToolSource="c:\program files\arcgis\pro\Resources\ArcToolbox\toolboxes\Data Management Tools.tbx\Append" Date="20220518" Time="144624">Append Sustr_Def_Ley2 "D:\Users\sigsiac.tic\Documents\ArcGIS\Projects\GDB_creation\MADS_CARTOGRAFIA (2).sde\prod_sig_mads.mads_cartografia.Reservas\prod_sig_mads.mads_cartografia.Sustr_Def_Ley2" "Use the field map to reconcile field differences" "id "id" true true false 12 Text 0 0,First,#,D:\Users\sigsiac.tic\Documents\replicas\01RECIBIDAS\SustracDefLey2_17052022.gdb\SustracDefLey2_17052022.gdb\Sustr_Def_Ley2,id,0,12;id_ley2 "id_ley2" true true false 7 Text 0 0,First,#,D:\Users\sigsiac.tic\Documents\replicas\01RECIBIDAS\SustracDefLey2_17052022.gdb\SustracDefLey2_17052022.gdb\Sustr_Def_Ley2,id_ley2,0,7;nom_ley2 "nom_ley2" true true false 150 Text 0 0,First,#,D:\Users\sigsiac.tic\Documents\replicas\01RECIBIDAS\SustracDefLey2_17052022.gdb\SustracDefLey2_17052022.gdb\Sustr_Def_Ley2,nom_ley2,0,150;sustrajo "sustrajo" true true false 20 Text 0 0,First,#,D:\Users\sigsiac.tic\Documents\replicas\01RECIBIDAS\SustracDefLey2_17052022.gdb\SustracDefLey2_17052022.gdb\Sustr_Def_Ley2,sustrajo,0,20;sector "sector" true true false 100 Text 0 0,First,#,D:\Users\sigsiac.tic\Documents\replicas\01RECIBIDAS\SustracDefLey2_17052022.gdb\SustracDefLey2_17052022.gdb\Sustr_Def_Ley2,sector,0,100;solicitante "solicitante" true true false 250 Text 0 0,First,#,Sustr_Def_Ley2,solicitant,0,250;acto_admin "acto_admin" true true false 250 Text 0 0,First,#,D:\Users\sigsiac.tic\Documents\replicas\01RECIBIDAS\SustracDefLey2_17052022.gdb\SustracDefLey2_17052022.gdb\Sustr_Def_Ley2,acto_admin,0,250;fecha_acto "fecha_acto" true true false 8 Date 0 0,First,#,D:\Users\sigsiac.tic\Documents\replicas\01RECIBIDAS\SustracDefLey2_17052022.gdb\SustracDefLey2_17052022.gdb\Sustr_Def_Ley2,fecha_acto,-1,-1;municipio "municipio" true true false 255 Text 0 0,First,#,D:\Users\sigsiac.tic\Documents\replicas\01RECIBIDAS\SustracDefLey2_17052022.gdb\SustracDefLey2_17052022.gdb\Sustr_Def_Ley2,municipio,0,254;departament "departament" true true false 255 Text 0 0,First,#,Sustr_Def_Ley2,departamen,0,254;observacio "observacio" true true false 250 Text 0 0,First,#,D:\Users\sigsiac.tic\Documents\replicas\01RECIBIDAS\SustracDefLey2_17052022.gdb\SustracDefLey2_17052022.gdb\Sustr_Def_Ley2,observacio,0,250;area_ha "area_ha" true true false 8 Double 6 38,First,#,D:\Users\sigsiac.tic\Documents\replicas\01RECIBIDAS\SustracDefLey2_17052022.gdb\SustracDefLey2_17052022.gdb\Sustr_Def_Ley2,area_ha,-1,-1;fecha_ingreso "fecha_ingreso" true true false 8 Date 0 0,First,#,Sustr_Def_Ley2,fecha_ingr,-1,-1;fecha_recoleccion "fecha_recoleccion" true true false 8 Date 0 0,First,#,Sustr_Def_Ley2,fecha_reco,-1,-1" # #</Process><Process ToolSource="c:\program files\arcgis\pro\Resources\ArcToolbox\toolboxes\Conversion Tools.tbx\ExportFeatures" Date="20231002" Time="092947">ExportFeatures prod_sig_mads.mads_cartografia.Sustr_Def_Ley2 D:\Users\fardila\Documents\Replicas\recibidas\Sustracciones_definitivas_Ley2_Septiembre_2023.shp # NOT_USE_ALIAS "id "id" true true false 12 Text 0 0,First,#,prod_sig_mads.mads_cartografia.Sustr_Def_Ley2,id,0,12;id_ley2 "id_ley2" true true false 7 Text 0 0,First,#,prod_sig_mads.mads_cartografia.Sustr_Def_Ley2,id_ley2,0,7;nom_ley2 "nom_ley2" true true false 150 Text 0 0,First,#,prod_sig_mads.mads_cartografia.Sustr_Def_Ley2,nom_ley2,0,150;sustrajo "sustrajo" true true false 20 Text 0 0,First,#,prod_sig_mads.mads_cartografia.Sustr_Def_Ley2,sustrajo,0,20;sector "sector" true true false 100 Text 0 0,First,#,prod_sig_mads.mads_cartografia.Sustr_Def_Ley2,sector,0,100;solicitante "solicitante" true true false 250 Text 0 0,First,#,prod_sig_mads.mads_cartografia.Sustr_Def_Ley2,solicitante,0,250;acto_admin "acto_admin" true true false 250 Text 0 0,First,#,prod_sig_mads.mads_cartografia.Sustr_Def_Ley2,acto_admin,0,250;fecha_acto "fecha_acto" true true false 8 Date 0 0,First,#,prod_sig_mads.mads_cartografia.Sustr_Def_Ley2,fecha_acto,-1,-1;municipio "municipio" true true false 255 Text 0 0,First,#,prod_sig_mads.mads_cartografia.Sustr_Def_Ley2,municipio,0,255;departament "departament" true true false 255 Text 0 0,First,#,prod_sig_mads.mads_cartografia.Sustr_Def_Ley2,departament,0,255;observacio "observacio" true true false 250 Text 0 0,First,#,prod_sig_mads.mads_cartografia.Sustr_Def_Ley2,observacio,0,250;area_ha "area_ha" true true false 8 Double 6 38,First,#,prod_sig_mads.mads_cartografia.Sustr_Def_Ley2,area_ha,-1,-1;fecha_ingreso "fecha_ingreso" true true false 8 Date 0 0,First,#,prod_sig_mads.mads_cartografia.Sustr_Def_Ley2,fecha_ingreso,-1,-1;fecha_recoleccion "fecha_recoleccion" true true false 8 Date 0 0,First,#,prod_sig_mads.mads_cartografia.Sustr_Def_Ley2,fecha_recoleccion,-1,-1;globalid "globalid" false false true 38 Text 0 0,First,#,prod_sig_mads.mads_cartografia.Sustr_Def_Ley2,globalid,-1,-1;st_area(shape) "st_area(shape)" false true true 0 Double 0 0,First,#,prod_sig_mads.mads_cartografia.Sustr_Def_Ley2,st_area(shape),-1,-1;st_perimeter(shape) "st_perimeter(shape)" false true true 0 Double 0 0,First,#,prod_sig_mads.mads_cartografia.Sustr_Def_Ley2,st_perimeter(shape),-1,-1" #</Process></lineage><itemProps><itemName Sync="TRUE">Sustracciones_definitivas_Ley2_Septiembre_2023</itemName><imsContentType Sync="TRUE">002</imsContentType><itemSize Sync="TRUE">0.000</itemSize><itemLocation><linkage Sync="TRUE">file://\\WSAMZN-06CJMRQG\D$\Users\fardila\Documents\Replicas\recibidas\Sustracciones_definitivas_Ley2_Septiembre_2023.shp</linkage><protocol Sync="TRUE">Local Area Network</protocol></itemLocation></itemProps><coordRef><type Sync="TRUE">Geographic</type><geogcsn Sync="TRUE">GCS_MAGNA</geogcsn><csUnits Sync="TRUE">Angular Unit: Degree (0.017453)</csUnits><peXml Sync="TRUE">&lt;GeographicCoordinateSystem xsi:type='typens:GeographicCoordinateSystem' xmlns:xsi='http://www.w3.org/2001/XMLSchema-instance' xmlns:xs='http://www.w3.org/2001/XMLSchema' xmlns:typens='http://www.esri.com/schemas/ArcGIS/3.1.0'&gt;&lt;WKT&gt;GEOGCS[&amp;quot;GCS_MAGNA&amp;quot;,DATUM[&amp;quot;D_MAGNA&amp;quot;,SPHEROID[&amp;quot;GRS_1980&amp;quot;,6378137.0,298.257222101]],PRIMEM[&amp;quot;Greenwich&amp;quot;,0.0],UNIT[&amp;quot;Degree&amp;quot;,0.0174532925199433],AUTHORITY[&amp;quot;EPSG&amp;quot;,4686]]&lt;/WKT&gt;&lt;XOrigin&gt;-400&lt;/XOrigin&gt;&lt;YOrigin&gt;-400&lt;/YOrigin&gt;&lt;XYScale&gt;11258999068426.238&lt;/XYScale&gt;&lt;ZOrigin&gt;-100000&lt;/ZOrigin&gt;&lt;ZScale&gt;10000&lt;/ZScale&gt;&lt;MOrigin&gt;-100000&lt;/MOrigin&gt;&lt;MScale&gt;10000&lt;/MScale&gt;&lt;XYTolerance&gt;8.983152841195215e-09&lt;/XYTolerance&gt;&lt;ZTolerance&gt;0.001&lt;/ZTolerance&gt;&lt;MTolerance&gt;0.001&lt;/MTolerance&gt;&lt;HighPrecision&gt;true&lt;/HighPrecision&gt;&lt;LeftLongitude&gt;-180&lt;/LeftLongitude&gt;&lt;WKID&gt;4686&lt;/WKID&gt;&lt;LatestWKID&gt;4686&lt;/LatestWKID&gt;&lt;/GeographicCoordinateSystem&gt;</peXml></coordRef></DataProperties><SyncDate>20231002</SyncDate><SyncTime>09294600</SyncTime><ModDate>20231002</ModDate><ModTime>09294600</ModTime></Esri><dataIdInfo><envirDesc Sync="TRUE">Microsoft Windows Server 2016 Technical Preview Version 10.0 (Build 17763) ; Esri ArcGIS 13.1.3.41833</envirDesc><dataLang><languageCode value="eng" Sync="TRUE"></languageCode><countryCode value="USA" Sync="TRUE"></countryCode></dataLang><idCitation><resTitle Sync="TRUE">Sustracciones_definitivas_Ley2_Septiembre_2023</resTitle><presForm><PresFormCd value="005" Sync="TRUE"></PresFormCd></presForm></idCitation><spatRpType><SpatRepTypCd value="001" Sync="TRUE"></SpatRepTypCd></spatRpType></dataIdInfo><mdLang><languageCode value="eng" Sync="TRUE"></languageCode><countryCode value="USA" Sync="TRUE"></countryCode></mdLang><distInfo><distFormat><formatName Sync="TRUE">Shapefile</formatName></distFormat><distTranOps><transSize Sync="TRUE">0.000</transSize></distTranOps></distInfo><mdHrLv><ScopeCd value="005" Sync="TRUE"></ScopeCd></mdHrLv><mdHrLvName Sync="TRUE">dataset</mdHrLvName><refSysInfo><RefSystem><refSysID><identCode code="4686" Sync="TRUE"></identCode><idCodeSpace Sync="TRUE">EPSG</idCodeSpace><idVersion Sync="TRUE">6.14(9.2.0)</idVersion></refSysID></RefSystem></refSysInfo><spatRepInfo><VectSpatRep><geometObjs Name="Sustracciones_definitivas_Ley2_Septiembre_2023"><geoObjTyp><GeoObjTypCd value="002" Sync="TRUE"></GeoObjTypCd></geoObjTyp><geoObjCnt Sync="TRUE">0</geoObjCnt></geometObjs><topLvl><TopoLevCd value="001" Sync="TRUE"></TopoLevCd></topLvl></VectSpatRep></spatRepInfo><spdoinfo><ptvctinf><esriterm Name="Sustracciones_definitivas_Ley2_Septiembre_2023"><efeatyp Sync="TRUE">Simple</efeatyp><efeageom code="4" Sync="TRUE"></efeageom><esritopo Sync="TRUE">FALSE</esritopo><efeacnt Sync="TRUE">0</efeacnt><spindex Sync="TRUE">FALSE</spindex><linrefer Sync="TRUE">FALSE</linrefer></esriterm></ptvctinf></spdoinfo><eainfo><detailed Name="Sustracciones_definitivas_Ley2_Septiembre_2023"><enttyp><enttypl Sync="TRUE">Sustracciones_definitivas_Ley2_Septiembre_2023</enttypl><enttypt Sync="TRUE">Feature Class</enttypt><enttypc Sync="TRUE">0</enttypc></enttyp><attr><attrlabl Sync="TRUE">FID</attrlabl><attalias Sync="TRUE">FID</attalias><attrtype Sync="TRUE">OID</attrtype><attwidth Sync="TRUE">4</attwidth><atprecis Sync="TRUE">0</atprecis><attscale Sync="TRUE">0</attscale><attrdef Sync="TRUE">Internal feature number.</attrdef><attrdefs Sync="TRUE">Esri</attrdefs><attrdomv><udom Sync="TRUE">Sequential unique whole numbers that are automatically generated.</udom></attrdomv></attr><attr><attrlabl Sync="TRUE">Shape</attrlabl><attalias Sync="TRUE">Shape</attalias><attrtype Sync="TRUE">Geometry</attrtype><attwidth Sync="TRUE">0</attwidth><atprecis Sync="TRUE">0</atprecis><attscale Sync="TRUE">0</attscale><attrdef Sync="TRUE">Feature geometry.</attrdef><attrdefs Sync="TRUE">Esri</attrdefs><attrdomv><udom Sync="TRUE">Coordinates defining the features.</udom></attrdomv></attr><attr><attrlabl Sync="TRUE">id</attrlabl><attalias Sync="TRUE">id</attalias><attrtype Sync="TRUE">String</attrtype><attwidth Sync="TRUE">12</attwidth><atprecis Sync="TRUE">0</atprecis><attscale Sync="TRUE">0</attscale></attr><attr><attrlabl Sync="TRUE">id_ley2</attrlabl><attalias Sync="TRUE">id_ley2</attalias><attrtype Sync="TRUE">String</attrtype><attwidth Sync="TRUE">7</attwidth><atprecis Sync="TRUE">0</atprecis><attscale Sync="TRUE">0</attscale></attr><attr><attrlabl Sync="TRUE">nom_ley2</attrlabl><attalias Sync="TRUE">nom_ley2</attalias><attrtype Sync="TRUE">String</attrtype><attwidth Sync="TRUE">150</attwidth><atprecis Sync="TRUE">0</atprecis><attscale Sync="TRUE">0</attscale></attr><attr><attrlabl Sync="TRUE">sustrajo</attrlabl><attalias Sync="TRUE">sustrajo</attalias><attrtype Sync="TRUE">String</attrtype><attwidth Sync="TRUE">20</attwidth><atprecis Sync="TRUE">0</atprecis><attscale Sync="TRUE">0</attscale></attr><attr><attrlabl Sync="TRUE">sector</attrlabl><attalias Sync="TRUE">sector</attalias><attrtype Sync="TRUE">String</attrtype><attwidth Sync="TRUE">100</attwidth><atprecis Sync="TRUE">0</atprecis><attscale Sync="TRUE">0</attscale></attr><attr><attrlabl Sync="TRUE">solicitant</attrlabl><attalias Sync="TRUE">solicitant</attalias><attrtype Sync="TRUE">String</attrtype><attwidth Sync="TRUE">250</attwidth><atprecis Sync="TRUE">0</atprecis><attscale Sync="TRUE">0</attscale></attr><attr><attrlabl Sync="TRUE">acto_admin</attrlabl><attalias Sync="TRUE">acto_admin</attalias><attrtype Sync="TRUE">String</attrtype><attwidth Sync="TRUE">250</attwidth><atprecis Sync="TRUE">0</atprecis><attscale Sync="TRUE">0</attscale></attr><attr><attrlabl Sync="TRUE">fecha_acto</attrlabl><attalias Sync="TRUE">fecha_acto</attalias><attrtype Sync="TRUE">Date</attrtype><attwidth Sync="TRUE">8</attwidth><atprecis Sync="TRUE">0</atprecis><attscale Sync="TRUE">0</attscale></attr><attr><attrlabl Sync="TRUE">municipio</attrlabl><attalias Sync="TRUE">municipio</attalias><attrtype Sync="TRUE">String</attrtype><attwidth Sync="TRUE">254</attwidth><atprecis Sync="TRUE">0</atprecis><attscale Sync="TRUE">0</attscale></attr><attr><attrlabl Sync="TRUE">departamen</attrlabl><attalias Sync="TRUE">departamen</attalias><attrtype Sync="TRUE">String</attrtype><attwidth Sync="TRUE">254</attwidth><atprecis Sync="TRUE">0</atprecis><attscale Sync="TRUE">0</attscale></attr><attr><attrlabl Sync="TRUE">observacio</attrlabl><attalias Sync="TRUE">observacio</attalias><attrtype Sync="TRUE">String</attrtype><attwidth Sync="TRUE">250</attwidth><atprecis Sync="TRUE">0</atprecis><attscale Sync="TRUE">0</attscale></attr><attr><attrlabl Sync="TRUE">area_ha</attrlabl><attalias Sync="TRUE">area_ha</attalias><attrtype Sync="TRUE">Double</attrtype><attwidth Sync="TRUE">19</attwidth><atprecis Sync="TRUE">18</atprecis><attscale Sync="TRUE">6</attscale></attr><attr><attrlabl Sync="TRUE">fecha_ingr</attrlabl><attalias Sync="TRUE">fecha_ingr</attalias><attrtype Sync="TRUE">Date</attrtype><attwidth Sync="TRUE">8</attwidth><atprecis Sync="TRUE">0</atprecis><attscale Sync="TRUE">0</attscale></attr><attr><attrlabl Sync="TRUE">fecha_reco</attrlabl><attalias Sync="TRUE">fecha_reco</attalias><attrtype Sync="TRUE">Date</attrtype><attwidth Sync="TRUE">8</attwidth><atprecis Sync="TRUE">0</atprecis><attscale Sync="TRUE">0</attscale></attr><attr><attrlabl Sync="TRUE">globalid</attrlabl><attalias Sync="TRUE">globalid</attalias><attrtype Sync="TRUE">String</attrtype><attwidth Sync="TRUE">38</attwidth><atprecis Sync="TRUE">0</atprecis><attscale Sync="TRUE">0</attscale></attr><attr><attrlabl Sync="TRUE">st_area_sh</attrlabl><attalias Sync="TRUE">st_area_sh</attalias><attrtype Sync="TRUE">Double</attrtype><attwidth Sync="TRUE">19</attwidth><atprecis Sync="TRUE">0</atprecis><attscale Sync="TRUE">0</attscale></attr><attr><attrlabl Sync="TRUE">st_perimet</attrlabl><attalias Sync="TRUE">st_perimet</attalias><attrtype Sync="TRUE">Double</attrtype><attwidth Sync="TRUE">19</attwidth><atprecis Sync="TRUE">0</atprecis><attscale Sync="TRUE">0</attscale></attr></detailed></eainfo><mdDateSt Sync="TRUE">20231002</mdDateSt></metadata>
