<metadata xml:lang="es"><Esri><CreaDate>20200722</CreaDate><CreaTime>10110000</CreaTime><ArcGISFormat>1.0</ArcGISFormat><SyncOnce>FALSE</SyncOnce><DataProperties><lineage><Process ToolSource="c:\program files\arcgis\pro\Resources\ArcToolbox\toolboxes\Data Management Tools.tbx\Append" Date="20200722" Time="101100">Append Paramos "C:\Users\Usuario\Documents\CARGUES GDB INSTITUCIONAL\16_07_2020\MADS.gdb\Ecosistemas_Estrategicos_Figuras_Distincion\Paramos_Declarados" "Use the Field Map to reconcile schema differences" "Id "Id" true true false 6 Text 0 0,First,#;Nombre "Nombre" true true false 50 Text 0 0,First,#,Paramos,NM_UA,0,50;Escala "Escala" true true false 15 Text 0 0,First,#,Paramos,ESC,0,10;Acto_Admin "Acto_Admin" true true false 150 Text 0 0,First,#,Paramos,ACT_DT,0,80;Fecha_Acto "Fecha_Acto" true true false 8 Date 0 0,First,#;No_Poligono "No_Poligono" true true false 8 Double 0 0,First,#;Fuente "Fuente" true true false 15 Text 0 0,First,#,C:\Users\Usuario\Documents\CARGUES GDB INSTITUCIONAL\16_07_2020\Paramos.gdb (2)\Paramos.gdb\Paramos,FUENTE,0,20;Area_Ha "Area_Ha" true true false 8 Double 0 0,First,#,C:\Users\Usuario\Documents\CARGUES GDB INSTITUCIONAL\16_07_2020\Paramos.gdb (2)\Paramos.gdb\Paramos,Area_Ha,-1,-1;Fecha_Ingreso "Fecha_Ingreso" true true false 8 Date 0 0,First,#;Fecha_Recoleccion "Fecha_Recoleccion" true true false 8 Date 0 0,First,#" # #</Process><Process ToolSource="c:\program files\arcgis\pro\Resources\ArcToolbox\toolboxes\Data Management Tools.tbx\Append" Date="20200722" Time="101155">Append Paramos "C:\Users\Usuario\Documents\CARGUES GDB INSTITUCIONAL\16_07_2020\MADS.gdb\Ecosistemas_Estrategicos_Figuras_Distincion\Paramos_Declarados" "Use the Field Map to reconcile schema differences" "Id "Id" true true false 6 Text 0 0,First,#;Nombre "Nombre" true true false 50 Text 0 0,First,#,Paramos,NM_UA,0,50;Escala "Escala" true true false 15 Text 0 0,First,#,Paramos,ESC,0,10;Acto_Admin "Acto_Admin" true true false 150 Text 0 0,First,#,Paramos,ACT_DT,0,80;Fecha_Acto "Fecha_Acto" true true false 8 Date 0 0,First,#;No_Poligono "No_Poligono" true true false 8 Double 0 0,First,#;Fuente "Fuente" true true false 15 Text 0 0,First,#,C:\Users\Usuario\Documents\CARGUES GDB INSTITUCIONAL\16_07_2020\Paramos.gdb (2)\Paramos.gdb\Paramos,FUENTE,0,20;Area_Ha "Area_Ha" true true false 8 Double 0 0,First,#,C:\Users\Usuario\Documents\CARGUES GDB INSTITUCIONAL\16_07_2020\Paramos.gdb (2)\Paramos.gdb\Paramos,Area_Ha,-1,-1;Fecha_Ingreso "Fecha_Ingreso" true true false 8 Date 0 0,First,#;Fecha_Recoleccion "Fecha_Recoleccion" true true false 8 Date 0 0,First,#" # #</Process><Process ToolSource="c:\program files\arcgis\pro\Resources\ArcToolbox\toolboxes\Data Management Tools.tbx\CalculateField" Date="20200722" Time="101853">CalculateField Paramos_Declarados Fecha_Ingreso datetime.datetime.now() PYTHON3 # Text</Process><Process ToolSource="c:\program files\arcgis\pro\Resources\ArcToolbox\toolboxes\Data Management Tools.tbx\CalculateField" Date="20200722" Time="102012">CalculateField Paramos_Declarados Fecha_Recoleccion '30/06/2020' PYTHON3 # Text</Process><Process ToolSource="c:\program files\arcgis\pro\Resources\ArcToolbox\toolboxes\Data Management Tools.tbx\CalculateField" Date="20200722" Time="102107">CalculateField Paramos_Declarados Fecha_Acto '28/06/2017' PYTHON3 # Text</Process><Process ToolSource="c:\program files\arcgis\pro\Resources\ArcToolbox\toolboxes\Data Management Tools.tbx\CalculateField" Date="20200722" Time="102133">CalculateField Paramos_Declarados Fecha_Acto '25/07/2018' PYTHON3 # Text</Process><Process ToolSource="c:\program files\arcgis\pro\Resources\ArcToolbox\toolboxes\Data Management Tools.tbx\CalculateField" Date="20200722" Time="102154">CalculateField Paramos_Declarados Fecha_Acto '14/07/2017' PYTHON3 # Text</Process><Process ToolSource="c:\program files\arcgis\pro\Resources\ArcToolbox\toolboxes\Data Management Tools.tbx\CalculateField" Date="20200722" Time="102210">CalculateField Paramos_Declarados Fecha_Acto '06/08/2018' PYTHON3 # Text</Process><Process ToolSource="c:\program files\arcgis\pro\Resources\ArcToolbox\toolboxes\Data Management Tools.tbx\CalculateField" Date="20200722" Time="102224">CalculateField Paramos_Declarados Fecha_Acto '31/01/2018' PYTHON3 # Text</Process><Process ToolSource="c:\program files\arcgis\pro\Resources\ArcToolbox\toolboxes\Data Management Tools.tbx\CalculateField" Date="20200722" Time="102248">CalculateField Paramos_Declarados Fecha_Acto '26/09/2016' PYTHON3 # Text</Process><Process ToolSource="c:\program files\arcgis\pro\Resources\ArcToolbox\toolboxes\Data Management Tools.tbx\CalculateField" Date="20200722" Time="102312">CalculateField Paramos_Declarados Fecha_Acto '28/10/2016' PYTHON3 # Text</Process><Process ToolSource="c:\program files\arcgis\pro\Resources\ArcToolbox\toolboxes\Data Management Tools.tbx\CalculateField" Date="20200722" Time="102335">CalculateField Paramos_Declarados Fecha_Acto '06/02/2018' PYTHON3 # Text</Process><Process ToolSource="c:\program files\arcgis\pro\Resources\ArcToolbox\toolboxes\Data Management Tools.tbx\CalculateField" Date="20200722" Time="102354">CalculateField Paramos_Declarados Fecha_Acto '30/11/2016' PYTHON3 # Text</Process><Process ToolSource="c:\program files\arcgis\pro\Resources\ArcToolbox\toolboxes\Data Management Tools.tbx\CalculateField" Date="20200722" Time="102411">CalculateField Paramos_Declarados Fecha_Acto '19/12/2014' PYTHON3 # Text</Process><Process ToolSource="c:\program files\arcgis\pro\Resources\ArcToolbox\toolboxes\Data Management Tools.tbx\CalculateField" Date="20200722" Time="102426">CalculateField Paramos_Declarados Fecha_Acto '10/02/2017' PYTHON3 # Text</Process><Process ToolSource="c:\program files\arcgis\pro\Resources\ArcToolbox\toolboxes\Data Management Tools.tbx\CalculateField" Date="20200722" Time="102533">CalculateField Paramos_Declarados Fecha_Acto '22/03/2016' PYTHON3 # Text</Process><Process ToolSource="c:\program files\arcgis\pro\Resources\ArcToolbox\toolboxes\Data Management Tools.tbx\CalculateField" Date="20200722" Time="102610">CalculateField Paramos_Declarados Fecha_Acto '06/05/2016' PYTHON3 # Text</Process><Process ToolSource="c:\program files\arcgis\pro\Resources\ArcToolbox\toolboxes\Data Management Tools.tbx\CalculateField" Date="20200722" Time="102646">CalculateField Paramos_Declarados Fecha_Acto '19/12/2016' PYTHON3 # Text</Process><Process ToolSource="c:\program files\arcgis\pro\Resources\ArcToolbox\toolboxes\Data Management Tools.tbx\CalculateField" Date="20200722" Time="102707">CalculateField Paramos_Declarados Fecha_Acto '07/03/2018' PYTHON3 # Text</Process><Process ToolSource="c:\program files\arcgis\pro\Resources\ArcToolbox\toolboxes\Data Management Tools.tbx\CalculateField" Date="20200722" Time="102843">CalculateField Paramos_Declarados Id "CDP_01" "Python 3" # Text</Process><Process ToolSource="c:\program files\arcgis\pro\Resources\ArcToolbox\toolboxes\Data Management Tools.tbx\CalculateField" Date="20200722" Time="102855">CalculateField Paramos_Declarados Id "CDP_02" "Python 3" # Text</Process><Process ToolSource="c:\program files\arcgis\pro\Resources\ArcToolbox\toolboxes\Data Management Tools.tbx\CalculateField" Date="20200722" Time="102902">CalculateField Paramos_Declarados Id "CDP_03" "Python 3" # Text</Process><Process ToolSource="c:\program files\arcgis\pro\Resources\ArcToolbox\toolboxes\Data Management Tools.tbx\CalculateField" Date="20200722" Time="102914">CalculateField Paramos_Declarados Id "CDP_04" "Python 3" # Text</Process><Process ToolSource="c:\program files\arcgis\pro\Resources\ArcToolbox\toolboxes\Data Management Tools.tbx\CalculateField" Date="20200722" Time="102925">CalculateField Paramos_Declarados Id "CDP_05" "Python 3" # Text</Process><Process ToolSource="c:\program files\arcgis\pro\Resources\ArcToolbox\toolboxes\Data Management Tools.tbx\CalculateField" Date="20200722" Time="102932">CalculateField Paramos_Declarados Id "CDP_06" "Python 3" # Text</Process><Process ToolSource="c:\program files\arcgis\pro\Resources\ArcToolbox\toolboxes\Data Management Tools.tbx\CalculateField" Date="20200722" Time="102944">CalculateField Paramos_Declarados Id "CDP_07" "Python 3" # Text</Process><Process ToolSource="c:\program files\arcgis\pro\Resources\ArcToolbox\toolboxes\Data Management Tools.tbx\CalculateField" Date="20200722" Time="102952">CalculateField Paramos_Declarados Id "CDP_08" "Python 3" # Text</Process><Process ToolSource="c:\program files\arcgis\pro\Resources\ArcToolbox\toolboxes\Data Management Tools.tbx\CalculateField" Date="20200722" Time="103005">CalculateField Paramos_Declarados Id "CDP_09" "Python 3" # Text</Process><Process ToolSource="c:\program files\arcgis\pro\Resources\ArcToolbox\toolboxes\Data Management Tools.tbx\CalculateField" Date="20200722" Time="103019">CalculateField Paramos_Declarados Id "CDP_10" "Python 3" # Text</Process><Process ToolSource="c:\program files\arcgis\pro\Resources\ArcToolbox\toolboxes\Data Management Tools.tbx\CalculateField" Date="20200722" Time="103027">CalculateField Paramos_Declarados Id "CDP_11" "Python 3" # Text</Process><Process ToolSource="c:\program files\arcgis\pro\Resources\ArcToolbox\toolboxes\Data Management Tools.tbx\CalculateField" Date="20200722" Time="103037">CalculateField Paramos_Declarados Id "CDP_12" "Python 3" # Text</Process><Process ToolSource="c:\program files\arcgis\pro\Resources\ArcToolbox\toolboxes\Data Management Tools.tbx\CalculateField" Date="20200722" Time="103048">CalculateField Paramos_Declarados Id "CDP_13" "Python 3" # Text</Process><Process ToolSource="c:\program files\arcgis\pro\Resources\ArcToolbox\toolboxes\Data Management Tools.tbx\CalculateField" Date="20200722" Time="103057">CalculateField Paramos_Declarados Id "CDP_14" "Python 3" # Text</Process><Process ToolSource="c:\program files\arcgis\pro\Resources\ArcToolbox\toolboxes\Data Management Tools.tbx\CalculateField" Date="20200722" Time="103104">CalculateField Paramos_Declarados Id "CDP_15" "Python 3" # Text</Process><Process ToolSource="c:\program files\arcgis\pro\Resources\ArcToolbox\toolboxes\Data Management Tools.tbx\CalculateField" Date="20200722" Time="103117">CalculateField Paramos_Declarados Id "CDP_16" "Python 3" # Text</Process><Process ToolSource="c:\program files\arcgis\pro\Resources\ArcToolbox\toolboxes\Data Management Tools.tbx\CalculateField" Date="20200722" Time="103130">CalculateField Paramos_Declarados Id "CDP_17" "Python 3" # Text</Process><Process ToolSource="c:\program files\arcgis\pro\Resources\ArcToolbox\toolboxes\Data Management Tools.tbx\CalculateField" Date="20200722" Time="103139">CalculateField Paramos_Declarados Id "CDP_18" "Python 3" # Text</Process><Process ToolSource="c:\program files\arcgis\pro\Resources\ArcToolbox\toolboxes\Data Management Tools.tbx\CalculateField" Date="20200722" Time="103147">CalculateField Paramos_Declarados Id "CDP_19" "Python 3" # Text</Process><Process ToolSource="c:\program files\arcgis\pro\Resources\ArcToolbox\toolboxes\Data Management Tools.tbx\CalculateField" Date="20200722" Time="103155">CalculateField Paramos_Declarados Id "CDP_20" "Python 3" # Text</Process><Process ToolSource="c:\program files\arcgis\pro\Resources\ArcToolbox\toolboxes\Data Management Tools.tbx\CalculateField" Date="20200722" Time="103204">CalculateField Paramos_Declarados Id "CDP_21" "Python 3" # Text</Process><Process ToolSource="c:\program files\arcgis\pro\Resources\ArcToolbox\toolboxes\Data Management Tools.tbx\CalculateField" Date="20200722" Time="103214">CalculateField Paramos_Declarados Id "CDP_22" "Python 3" # Text</Process><Process ToolSource="c:\program files\arcgis\pro\Resources\ArcToolbox\toolboxes\Data Management Tools.tbx\CalculateField" Date="20200722" Time="103232">CalculateField Paramos_Declarados Id "CDP_23" "Python 3" # Text</Process><Process ToolSource="c:\program files\arcgis\pro\Resources\ArcToolbox\toolboxes\Data Management Tools.tbx\CalculateField" Date="20200722" Time="103239">CalculateField Paramos_Declarados Id "CDP_24" "Python 3" # Text</Process><Process ToolSource="c:\program files\arcgis\pro\Resources\ArcToolbox\toolboxes\Data Management Tools.tbx\CalculateField" Date="20200722" Time="103251">CalculateField Paramos_Declarados Id "CDP_25" "Python 3" # Text</Process><Process ToolSource="c:\program files\arcgis\pro\Resources\ArcToolbox\toolboxes\Data Management Tools.tbx\CalculateField" Date="20200722" Time="103259">CalculateField Paramos_Declarados Id "CDP_26" "Python 3" # Text</Process><Process ToolSource="c:\program files\arcgis\pro\Resources\ArcToolbox\toolboxes\Data Management Tools.tbx\CalculateField" Date="20200722" Time="103308">CalculateField Paramos_Declarados Id "CDP_27" "Python 3" # Text</Process><Process ToolSource="c:\program files\arcgis\pro\Resources\ArcToolbox\toolboxes\Data Management Tools.tbx\CalculateField" Date="20200722" Time="103318">CalculateField Paramos_Declarados Id "CDP_28" "Python 3" # Text</Process><Process ToolSource="c:\program files\arcgis\pro\Resources\ArcToolbox\toolboxes\Data Management Tools.tbx\CalculateField" Date="20200722" Time="103328">CalculateField Paramos_Declarados Id "CDP_29" "Python 3" # Text</Process><Process ToolSource="c:\program files\arcgis\pro\Resources\ArcToolbox\toolboxes\Data Management Tools.tbx\CalculateField" Date="20200722" Time="103339">CalculateField Paramos_Declarados Id "CDP_30" "Python 3" # Text</Process><Process ToolSource="c:\program files\arcgis\pro\Resources\ArcToolbox\toolboxes\Data Management Tools.tbx\CalculateField" Date="20200722" Time="103349">CalculateField Paramos_Declarados Id "CDP_31" "Python 3" # Text</Process><Process ToolSource="c:\program files\arcgis\pro\Resources\ArcToolbox\toolboxes\Data Management Tools.tbx\CalculateField" Date="20200722" Time="103357">CalculateField Paramos_Declarados Id "CDP_32" "Python 3" # Text</Process><Process ToolSource="c:\program files\arcgis\pro\Resources\ArcToolbox\toolboxes\Data Management Tools.tbx\CalculateField" Date="20200722" Time="103406">CalculateField Paramos_Declarados Id "CDP_33" "Python 3" # Text</Process><Process ToolSource="c:\program files\arcgis\pro\Resources\ArcToolbox\toolboxes\Data Management Tools.tbx\CalculateField" Date="20200722" Time="103419">CalculateField Paramos_Declarados Id "CDP_34" "Python 3" # Text</Process><Process ToolSource="c:\program files\arcgis\pro\Resources\ArcToolbox\toolboxes\Data Management Tools.tbx\CalculateField" Date="20200722" Time="103428">CalculateField Paramos_Declarados Id "CDP_35" "Python 3" # Text</Process><Process ToolSource="c:\program files\arcgis\pro\Resources\ArcToolbox\toolboxes\Data Management Tools.tbx\Append" Date="20200805" Time="102652">Append Paramo_Perija "C:\Users\Usuario\Documents\CARGUES GDB INSTITUCIONAL\04_05_08_2020\MADS.gdb\Ecosistemas_Estrategicos_Figuras_Distincion\Paramos_Declarados" "Use the Field Map to reconcile schema differences" "Id "Id" true true false 6 Text 0 0,First,#;Nombre "Nombre" true true false 50 Text 0 0,First,#,Paramo_Perija,NM_UA,0,50;Escala "Escala" true true false 15 Text 0 0,First,#,Paramo_Perija,ESC,0,10;Acto_Admin "Acto_Admin" true true false 150 Text 0 0,First,#,Paramo_Perija,ACT_DT,0,80;Fecha_Acto "Fecha_Acto" true true false 8 Date 0 0,First,#;No_Poligono "No_Poligono" true true false 8 Double 0 0,First,#;Fuente "Fuente" true true false 15 Text 0 0,First,#,C:\Users\Usuario\Downloads\Res0151de2018_Perija-b6\Res0151de2018_Perija\Res0151de2018_Perija\Shape_Perija\Paramo_Perija.shp,FUENTE,0,20;Area_Ha "Area_Ha" true true false 8 Double 0 0,First,#,C:\Users\Usuario\Downloads\Res0151de2018_Perija-b6\Res0151de2018_Perija\Res0151de2018_Perija\Shape_Perija\Paramo_Perija.shp,Area_Ha,-1,-1;Fecha_Ingreso "Fecha_Ingreso" true true false 8 Date 0 0,First,#;Fecha_Recoleccion "Fecha_Recoleccion" true true false 8 Date 0 0,First,#" # #</Process><Process ToolSource="c:\program files\arcgis\pro\Resources\ArcToolbox\toolboxes\Data Management Tools.tbx\CalculateField" Date="20200805" Time="102750">CalculateField Paramos_Declarados Fecha_Acto time.strftime('31/01/2018') PYTHON3 # Text</Process><Process ToolSource="c:\program files\arcgis\pro\Resources\ArcToolbox\toolboxes\Data Management Tools.tbx\CalculateField" Date="20200805" Time="102828">CalculateField Paramos_Declarados Acto_Admin 'Resolución No. 0151 de31 de Enero de 2018' PYTHON3 # Text</Process><Process ToolSource="c:\program files\arcgis\pro\Resources\ArcToolbox\toolboxes\Data Management Tools.tbx\CalculateField" Date="20200805" Time="102845">CalculateField Paramos_Declarados Fuente 'Minambiente' PYTHON3 # Text</Process><Process ToolSource="c:\program files\arcgis\pro\Resources\ArcToolbox\toolboxes\Data Management Tools.tbx\CalculateField" Date="20200805" Time="103216">CalculateField Paramos_Declarados Escala '100.000' PYTHON3 # Text</Process><Process ToolSource="c:\program files\arcgis\pro\Resources\ArcToolbox\toolboxes\Data Management Tools.tbx\CalculateField" Date="20200805" Time="103255">CalculateField Paramos_Declarados Escala '25.000' PYTHON3 # Text</Process><Process ToolSource="c:\program files\arcgis\pro\Resources\ArcToolbox\toolboxes\Data Management Tools.tbx\CalculateField" Date="20200805" Time="103318">CalculateField Paramos_Declarados Escala '25.000' PYTHON3 # Text</Process><Process ToolSource="c:\program files\arcgis\pro\Resources\ArcToolbox\toolboxes\Conversion Tools.tbx\FeatureClassToFeatureClass" Date="20200805" Time="103642">FeatureClassToFeatureClass Paramos_Declarados "C:\Users\Usuario\Documents\CARGUES GDB INSTITUCIONAL\04_05_08_2020\EDITADAS" Paramos_Declarados_Junio_2020.shp # "Id "Id" true true false 6 Text 0 0,First,#,Paramos_Declarados,Id,0,6;Nombre "Nombre" true true false 50 Text 0 0,First,#,Paramos_Declarados,Nombre,0,50;Escala "Escala" true true false 15 Text 0 0,First,#,Paramos_Declarados,Escala,0,15;Acto_Admin "Acto_Admin" true true false 150 Text 0 0,First,#,Paramos_Declarados,Acto_Admin,0,150;Fecha_Acto "Fecha_Acto" true true false 8 Date 0 0,First,#,Paramos_Declarados,Fecha_Acto,-1,-1;No_Poligon "No_Poligono" true true false 8 Double 0 0,First,#,Paramos_Declarados,No_Poligono,-1,-1;Fuente "Fuente" true true false 15 Text 0 0,First,#,Paramos_Declarados,Fuente,0,15;Area_Ha "Area_Ha" true true false 8 Double 0 0,First,#,Paramos_Declarados,Area_Ha,-1,-1;Fecha_Ingr "Fecha_Ingreso" true true false 8 Date 0 0,First,#,Paramos_Declarados,Fecha_Ingreso,-1,-1;Fecha_Reco "Fecha_Recoleccion" true true false 8 Date 0 0,First,#,Paramos_Declarados,Fecha_Recoleccion,-1,-1;Shape_Leng "Shape_Length" false true true 8 Double 0 0,First,#,Paramos_Declarados,Shape_Length,-1,-1;Shape_Area "Shape_Area" false true true 8 Double 0 0,First,#,Paramos_Declarados,Shape_Area,-1,-1" #</Process></lineage><itemProps><itemName Sync="TRUE">Paramos_Declarados_Junio_2020</itemName><imsContentType Sync="TRUE">002</imsContentType><itemSize Sync="TRUE">0.000</itemSize><itemLocation><linkage Sync="TRUE">file://\\DESKTOP-66LKVML\C$\Users\Usuario\Documents\CARGUES GDB INSTITUCIONAL\04_05_08_2020\EDITADAS\Paramos_Declarados_Junio_2020.shp</linkage><protocol Sync="TRUE">Local Area Network</protocol></itemLocation></itemProps><coordRef><type Sync="TRUE">Geographic</type><geogcsn Sync="TRUE">GCS_MAGNA</geogcsn><csUnits Sync="TRUE">Angular Unit: Degree (0.017453)</csUnits><peXml Sync="TRUE">&lt;GeographicCoordinateSystem xsi:type='typens:GeographicCoordinateSystem' xmlns:xsi='http://www.w3.org/2001/XMLSchema-instance' xmlns:xs='http://www.w3.org/2001/XMLSchema' xmlns:typens='http://www.esri.com/schemas/ArcGIS/2.5.0'&gt;&lt;WKT&gt;GEOGCS[&amp;quot;GCS_MAGNA&amp;quot;,DATUM[&amp;quot;D_MAGNA&amp;quot;,SPHEROID[&amp;quot;GRS_1980&amp;quot;,6378137.0,298.257222101]],PRIMEM[&amp;quot;Greenwich&amp;quot;,0.0],UNIT[&amp;quot;Degree&amp;quot;,0.0174532925199433],AUTHORITY[&amp;quot;EPSG&amp;quot;,4686]]&lt;/WKT&gt;&lt;XOrigin&gt;-400&lt;/XOrigin&gt;&lt;YOrigin&gt;-400&lt;/YOrigin&gt;&lt;XYScale&gt;11258999068426.238&lt;/XYScale&gt;&lt;ZOrigin&gt;-100000&lt;/ZOrigin&gt;&lt;ZScale&gt;10000&lt;/ZScale&gt;&lt;MOrigin&gt;-100000&lt;/MOrigin&gt;&lt;MScale&gt;10000&lt;/MScale&gt;&lt;XYTolerance&gt;8.9831528411952133e-09&lt;/XYTolerance&gt;&lt;ZTolerance&gt;0.001&lt;/ZTolerance&gt;&lt;MTolerance&gt;0.001&lt;/MTolerance&gt;&lt;HighPrecision&gt;true&lt;/HighPrecision&gt;&lt;LeftLongitude&gt;-180&lt;/LeftLongitude&gt;&lt;WKID&gt;4686&lt;/WKID&gt;&lt;LatestWKID&gt;4686&lt;/LatestWKID&gt;&lt;/GeographicCoordinateSystem&gt;</peXml></coordRef></DataProperties><SyncDate>20200805</SyncDate><SyncTime>10364100</SyncTime><ModDate>20200805</ModDate><ModTime>10364100</ModTime></Esri><dataIdInfo><envirDesc Sync="TRUE">Microsoft Windows 10 Version 10.0 (Build 18363) ; Esri ArcGIS 12.5.1.22081</envirDesc><dataLang><languageCode value="spa" Sync="TRUE"></languageCode><countryCode value="COL" Sync="TRUE"></countryCode></dataLang><idCitation><resTitle Sync="TRUE">Paramos_Declarados_Junio_2020</resTitle><presForm><PresFormCd value="005" Sync="TRUE"></PresFormCd></presForm></idCitation><spatRpType><SpatRepTypCd value="001" Sync="TRUE"></SpatRepTypCd></spatRpType></dataIdInfo><mdLang><languageCode value="spa" Sync="TRUE"></languageCode><countryCode value="COL" Sync="TRUE"></countryCode></mdLang><distInfo><distFormat><formatName Sync="TRUE">Shapefile</formatName></distFormat><distTranOps><transSize Sync="TRUE">0.000</transSize></distTranOps></distInfo><mdHrLv><ScopeCd value="005" Sync="TRUE"></ScopeCd></mdHrLv><mdHrLvName Sync="TRUE">dataset</mdHrLvName><refSysInfo><RefSystem><refSysID><identCode code="4686" Sync="TRUE"></identCode><idCodeSpace Sync="TRUE">EPSG</idCodeSpace><idVersion Sync="TRUE">7.6.4(9.2.0)</idVersion></refSysID></RefSystem></refSysInfo><spatRepInfo><VectSpatRep><geometObjs Name="Paramos_Declarados_Junio_2020"><geoObjTyp><GeoObjTypCd value="002" Sync="TRUE"></GeoObjTypCd></geoObjTyp><geoObjCnt Sync="TRUE">0</geoObjCnt></geometObjs><topLvl><TopoLevCd value="001" Sync="TRUE"></TopoLevCd></topLvl></VectSpatRep></spatRepInfo><spdoinfo><ptvctinf><esriterm Name="Paramos_Declarados_Junio_2020"><efeatyp Sync="TRUE">Simple</efeatyp><efeageom code="4" Sync="TRUE"></efeageom><esritopo Sync="TRUE">FALSE</esritopo><efeacnt Sync="TRUE">0</efeacnt><spindex Sync="TRUE">FALSE</spindex><linrefer Sync="TRUE">FALSE</linrefer></esriterm></ptvctinf></spdoinfo><eainfo><detailed Name="Paramos_Declarados_Junio_2020"><enttyp><enttypl Sync="TRUE">Paramos_Declarados_Junio_2020</enttypl><enttypt Sync="TRUE">Feature Class</enttypt><enttypc Sync="TRUE">0</enttypc></enttyp><attr><attrlabl Sync="TRUE">FID</attrlabl><attalias Sync="TRUE">FID</attalias><attrtype Sync="TRUE">OID</attrtype><attwidth Sync="TRUE">4</attwidth><atprecis Sync="TRUE">0</atprecis><attscale Sync="TRUE">0</attscale><attrdef Sync="TRUE">Internal feature number.</attrdef><attrdefs Sync="TRUE">Esri</attrdefs><attrdomv><udom Sync="TRUE">Sequential unique whole numbers that are automatically generated.</udom></attrdomv></attr><attr><attrlabl Sync="TRUE">Shape</attrlabl><attalias Sync="TRUE">Shape</attalias><attrtype Sync="TRUE">Geometry</attrtype><attwidth Sync="TRUE">0</attwidth><atprecis Sync="TRUE">0</atprecis><attscale Sync="TRUE">0</attscale><attrdef Sync="TRUE">Feature geometry.</attrdef><attrdefs Sync="TRUE">Esri</attrdefs><attrdomv><udom Sync="TRUE">Coordinates defining the features.</udom></attrdomv></attr><attr><attrlabl Sync="TRUE">Id</attrlabl><attalias Sync="TRUE">Id</attalias><attrtype Sync="TRUE">String</attrtype><attwidth Sync="TRUE">6</attwidth><atprecis Sync="TRUE">0</atprecis><attscale Sync="TRUE">0</attscale></attr><attr><attrlabl Sync="TRUE">Nombre</attrlabl><attalias Sync="TRUE">Nombre</attalias><attrtype Sync="TRUE">String</attrtype><attwidth Sync="TRUE">50</attwidth><atprecis Sync="TRUE">0</atprecis><attscale Sync="TRUE">0</attscale></attr><attr><attrlabl Sync="TRUE">Escala</attrlabl><attalias Sync="TRUE">Escala</attalias><attrtype Sync="TRUE">String</attrtype><attwidth Sync="TRUE">15</attwidth><atprecis Sync="TRUE">0</atprecis><attscale Sync="TRUE">0</attscale></attr><attr><attrlabl Sync="TRUE">Acto_Admin</attrlabl><attalias Sync="TRUE">Acto_Admin</attalias><attrtype Sync="TRUE">String</attrtype><attwidth Sync="TRUE">150</attwidth><atprecis Sync="TRUE">0</atprecis><attscale Sync="TRUE">0</attscale></attr><attr><attrlabl Sync="TRUE">Fecha_Acto</attrlabl><attalias Sync="TRUE">Fecha_Acto</attalias><attrtype Sync="TRUE">Date</attrtype><attwidth Sync="TRUE">8</attwidth><atprecis Sync="TRUE">0</atprecis><attscale Sync="TRUE">0</attscale></attr><attr><attrlabl Sync="TRUE">No_Poligon</attrlabl><attalias Sync="TRUE">No_Poligon</attalias><attrtype Sync="TRUE">Double</attrtype><attwidth Sync="TRUE">19</attwidth><atprecis Sync="TRUE">0</atprecis><attscale Sync="TRUE">0</attscale></attr><attr><attrlabl Sync="TRUE">Fuente</attrlabl><attalias Sync="TRUE">Fuente</attalias><attrtype Sync="TRUE">String</attrtype><attwidth Sync="TRUE">15</attwidth><atprecis Sync="TRUE">0</atprecis><attscale Sync="TRUE">0</attscale></attr><attr><attrlabl Sync="TRUE">Area_Ha</attrlabl><attalias Sync="TRUE">Area_Ha</attalias><attrtype Sync="TRUE">Double</attrtype><attwidth Sync="TRUE">19</attwidth><atprecis Sync="TRUE">0</atprecis><attscale Sync="TRUE">0</attscale></attr><attr><attrlabl Sync="TRUE">Fecha_Ingr</attrlabl><attalias Sync="TRUE">Fecha_Ingr</attalias><attrtype Sync="TRUE">Date</attrtype><attwidth Sync="TRUE">8</attwidth><atprecis Sync="TRUE">0</atprecis><attscale Sync="TRUE">0</attscale></attr><attr><attrlabl Sync="TRUE">Fecha_Reco</attrlabl><attalias Sync="TRUE">Fecha_Reco</attalias><attrtype Sync="TRUE">Date</attrtype><attwidth Sync="TRUE">8</attwidth><atprecis Sync="TRUE">0</atprecis><attscale Sync="TRUE">0</attscale></attr><attr><attrlabl Sync="TRUE">Shape_Leng</attrlabl><attalias Sync="TRUE">Shape_Leng</attalias><attrtype Sync="TRUE">Double</attrtype><attwidth Sync="TRUE">19</attwidth><atprecis Sync="TRUE">0</atprecis><attscale Sync="TRUE">0</attscale></attr><attr><attrlabl Sync="TRUE">Shape_Area</attrlabl><attalias Sync="TRUE">Shape_Area</attalias><attrtype Sync="TRUE">Double</attrtype><attwidth Sync="TRUE">19</attwidth><atprecis Sync="TRUE">0</atprecis><attscale Sync="TRUE">0</attscale><attrdef Sync="TRUE">Area of feature in internal units squared.</attrdef><attrdefs Sync="TRUE">Esri</attrdefs><attrdomv><udom Sync="TRUE">Positive real numbers that are automatically generated.</udom></attrdomv></attr></detailed></eainfo><mdDateSt Sync="TRUE">20200805</mdDateSt></metadata>
