<?xml version="1.0"?>
<!--<!DOCTYPE metadata SYSTEM "http://www.esri.com/metadata/esriprof80.dtd">-->
<metadata xml:lang="es"><Esri><CreaDate>20230124</CreaDate><CreaTime>14392200</CreaTime><SyncOnce>FALSE</SyncOnce><SyncDate>20100824</SyncDate><SyncTime>12163800</SyncTime><ModDate>20100824</ModDate><ModTime>12163800</ModTime><DataProperties><lineage><Process ToolSource="C:\Program Files\ArcGIS\ArcToolbox\Toolboxes\Conversion Tools.tbx\FeatureClassToFeatureClass" Date="20100724" Time="161637">FeatureClassToFeatureClass D:\PLAN_MANEJO_NARE_ABRIL2010\julio24\zoni_julio23.shp D:\PLAN_MANEJO_NARE_ABRIL2010\junio24_redelimitacion\nare.mdb\TEMATICOS zoni_julio23 # "Id 'Id' true true false 6 Long 0 6 ,First,#,D:\PLAN_MANEJO_NARE_ABRIL2010\julio24\zoni_julio23.shp,Id,-1,-1;FID_1 'FID_1' true true false 9 Long 0 9 ,First,#,D:\PLAN_MANEJO_NARE_ABRIL2010\julio24\zoni_julio23.shp,FID_1,-1,-1;Zona 'Zona' true true false 50 Text 0 0 ,First,#,D:\PLAN_MANEJO_NARE_ABRIL2010\julio24\zoni_julio23.shp,Zona,-1,-1;PENDIENTE 'PENDIENTE' true true false 1 Text 0 0 ,First,#,D:\PLAN_MANEJO_NARE_ABRIL2010\julio24\zoni_julio23.shp,PENDIENTE,-1,-1;CODIGO 'CODIGO' true true false 4 Text 0 0 ,First,#,D:\PLAN_MANEJO_NARE_ABRIL2010\julio24\zoni_julio23.shp,CODIGO,-1,-1;ACUERDO 'ACUERDO' true true false 16 Text 0 0 ,First,#,D:\PLAN_MANEJO_NARE_ABRIL2010\julio24\zoni_julio23.shp,ACUERDO,-1,-1;Zona_Julio 'Zona_Julio' true true false 50 Text 0 0 ,First,#,D:\PLAN_MANEJO_NARE_ABRIL2010\julio24\zoni_julio23.shp,Zona_Julio,-1,-1" # D:\PLAN_MANEJO_NARE_ABRIL2010\junio24_redelimitacion\nare.mdb\TEMATICOS\zoni_julio23</Process><Process ToolSource="C:\Archivos de programa\ArcGIS\ArcToolbox\Toolboxes\Analysis Tools.tbx\Clip" Date="20100804" Time="162902">Clip zoni_julio23_topoliogia LIMITE_AGOSTO_4 "T:\Mis documentos\SOLICITUDES_2010\GDB_ZFP_ARVI\EDICION_AGOSTO4\zon_agost_4.shp" #</Process><Process ToolSource="C:\Archivos de programa\ArcGIS\ArcToolbox\Toolboxes\Data Management Tools.tbx\MultipartToSinglepart" Date="20100823" Time="102543">MultipartToSinglepart "T:\Mis documentos\SOLICITUDES_2010\GDB_ZFP_ARVI\EDICION_AGOSTO_9\zon_agost_4.shp" "T:\Mis documentos\SOLICITUDES_2010\GDB_ZFP_ARVI\AGOSTO_23\zon_agosto23.shp"</Process><Process ToolSource="C:\Archivos de programa\ArcGIS\ArcToolbox\Toolboxes\Conversion Tools.tbx\FeatureClassToFeatureClass" Date="20100824" Time="121643">FeatureClassToFeatureClass "T:\Mis documentos\SOLICITUDES_2010\GDB_ZFP_ARVI\AGOSTO_23\zon_agosto23.shp" T:\ZFP\nare.mdb\TEMATICOS zonificacion # "OBJECTID 'OBJECTID' true true false 9 Long 0 9 ,First,#,T:\Mis documentos\SOLICITUDES_2010\GDB_ZFP_ARVI\AGOSTO_23\zon_agosto23.shp,OBJECTID,-1,-1;Id 'Id' true true false 9 Long 0 9 ,First,#,T:\Mis documentos\SOLICITUDES_2010\GDB_ZFP_ARVI\AGOSTO_23\zon_agosto23.shp,Id,-1,-1;Zona 'Zona' true true false 50 Text 0 0 ,First,#,T:\Mis documentos\SOLICITUDES_2010\GDB_ZFP_ARVI\AGOSTO_23\zon_agosto23.shp,Zona,-1,-1;ACUERDO 'ACUERDO' true true false 16 Text 0 0 ,First,#,T:\Mis documentos\SOLICITUDES_2010\GDB_ZFP_ARVI\AGOSTO_23\zon_agosto23.shp,ACUERDO,-1,-1;Zona_Julio 'Zona_Julio' true true false 50 Text 0 0 ,First,#,T:\Mis documentos\SOLICITUDES_2010\GDB_ZFP_ARVI\AGOSTO_23\zon_agosto23.shp,Zona_Julio,-1,-1;Perimeter 'Perimeter' true true false 19 Double 0 0 ,First,#,T:\Mis documentos\SOLICITUDES_2010\GDB_ZFP_ARVI\AGOSTO_23\zon_agosto23.shp,Perimeter,-1,-1;Area 'Area' true true false 19 Double 0 0 ,First,#,T:\Mis documentos\SOLICITUDES_2010\GDB_ZFP_ARVI\AGOSTO_23\zon_agosto23.shp,Area,-1,-1;Hectares 'Hectares' true true false 19 Double 0 0 ,First,#,T:\Mis documentos\SOLICITUDES_2010\GDB_ZFP_ARVI\AGOSTO_23\zon_agosto23.shp,Hectares,-1,-1;Zona_agos 'Zona_agos' true true false 50 Text 0 0 ,First,#,T:\Mis documentos\SOLICITUDES_2010\GDB_ZFP_ARVI\AGOSTO_23\zon_agosto23.shp,Zona_agos,-1,-1;ORIG_FID 'ORIG_FID' true true false 9 Long 0 9 ,First,#,T:\Mis documentos\SOLICITUDES_2010\GDB_ZFP_ARVI\AGOSTO_23\zon_agosto23.shp,ORIG_FID,-1,-1" # T:\ZFP\nare.mdb\TEMATICOS\zonificacion</Process></lineage></DataProperties><ArcGISFormat>1.0</ArcGISFormat></Esri><idinfo><citation><citeinfo><onlink Sync="TRUE">\\WILLAK-X5\T\ZFP\nare.mdb</onlink><origin>REQUIRED: The name of an organization or individual that developed the data set.</origin><pubdate>REQUIRED: The date when the data set is published or otherwise made available for release.</pubdate><title Sync="TRUE">zonificacion</title><ftname Sync="TRUE">zonificacion</ftname><geoform Sync="TRUE">vector digital data</geoform></citeinfo></citation><native Sync="TRUE">Microsoft Windows 2000 Version 5.2 (Build 3790) Service Pack 2; ESRI ArcCatalog 9.3.0.1770</native><descript><langdata Sync="TRUE">es</langdata><abstract>REQUIRED: A brief narrative summary of the data set.</abstract><purpose>REQUIRED: A summary of the intentions with which the data set was developed.</purpose></descript><timeperd><current>REQUIRED: The basis on which the time period of content information is determined.</current><timeinfo><sngdate><caldate>REQUIRED: The year (and optionally month, or month and day) for which the data set corresponds to the ground.</caldate></sngdate></timeinfo></timeperd><status><progress>REQUIRED: The state of the data set.</progress><update>REQUIRED: The frequency with which changes and additions are made to the data set after the initial data set is completed.</update></status><spdom><bounding><westbc Sync="TRUE">REQUIRED: Western-most coordinate of the limit of coverage expressed in longitude.</westbc><eastbc Sync="TRUE">REQUIRED: Eastern-most coordinate of the limit of coverage expressed in longitude.</eastbc><northbc Sync="TRUE">REQUIRED: Northern-most coordinate of the limit of coverage expressed in latitude.</northbc><southbc Sync="TRUE">REQUIRED: Southern-most coordinate of the limit of coverage expressed in latitude.</southbc></bounding></spdom><keywords><theme><themekt>REQUIRED: Reference to a formally registered thesaurus or a similar authoritative source of theme keywords.</themekt><themekey>REQUIRED: Common-use word or phrase used to describe the subject of the data set.</themekey></theme></keywords><accconst>REQUIRED: Restrictions and legal prerequisites for accessing the data set.</accconst><useconst>REQUIRED: Restrictions and legal prerequisites for using the data set after access is granted.</useconst><natvform Sync="TRUE">Personal GeoDatabase Feature Class</natvform></idinfo><distInfo><distributor><distorTran><onLineSrc><linkage Sync="TRUE">file://\\WILLAK-X5\T\ZFP\nare.mdb</linkage><protocol Sync="TRUE">Local Area Network</protocol><orDesc Sync="TRUE">002</orDesc></onLineSrc><transSize Sync="TRUE">0,000</transSize></distorTran><distorFormat><formatName Sync="TRUE">Personal GeoDatabase Feature Class</formatName></distorFormat></distributor></distInfo><dataqual><lineage><procstep><procdesc Sync="TRUE">Dataset moved.</procdesc><srcused Sync="TRUE">D:\PLAN_MANEJO_NARE_ABRIL2010\junio24_redelimitacion\zoni_julio23</srcused><procdate Sync="TRUE">20100724</procdate><proctime Sync="TRUE">16150900</proctime></procstep><procstep><procdesc Sync="TRUE">Dataset copied.</procdesc><srcused Sync="TRUE">\\JDUQUEMV\D$\PLAN_MANEJO_NARE_ABRIL2010\junio24_redelimitacion\nare.mdb</srcused><procdate Sync="TRUE">20100724</procdate><proctime Sync="TRUE">19504600</proctime></procstep></lineage></dataqual><dataIdInfo><envirDesc Sync="TRUE">Microsoft Windows 2000 Version 5.2 (Build 3790) Service Pack 2; ESRI ArcCatalog 9.3.0.1770</envirDesc><dataLang><languageCode Sync="TRUE" value="es"></languageCode></dataLang><idCitation><resTitle Sync="TRUE">zonificacion</resTitle><presForm><PresFormCd Sync="TRUE" value="005"></PresFormCd></presForm></idCitation><spatRpType><SpatRepTypCd Sync="TRUE" value="001"></SpatRepTypCd></spatRpType></dataIdInfo><metainfo><langmeta Sync="TRUE">es</langmeta><metstdn Sync="TRUE">FGDC Content Standards for Digital Geospatial Metadata</metstdn><metstdv Sync="TRUE">FGDC-STD-001-1998</metstdv><mettc Sync="TRUE">local time</mettc><metc><cntinfo><cntorgp><cntper>REQUIRED: The person responsible for the metadata information.</cntper><cntorg>REQUIRED: The organization responsible for the metadata information.</cntorg></cntorgp><cntaddr><addrtype>REQUIRED: The mailing and/or physical address for the organization or individual.</addrtype><city>REQUIRED: The city of the address.</city><state>REQUIRED: The state or province of the address.</state><postal>REQUIRED: The ZIP or other postal code of the address.</postal></cntaddr><cntvoice>REQUIRED: The telephone number by which individuals can speak to the organization or individual.</cntvoice></cntinfo></metc><metd Sync="TRUE">20100824</metd><metextns><onlink Sync="TRUE">http://www.esri.com/metadata/esriprof80.html</onlink><metprof Sync="TRUE">ESRI Metadata Profile</metprof></metextns></metainfo><mdLang><languageCode Sync="TRUE" value="es"></languageCode></mdLang><mdStanName Sync="TRUE">ISO 19115 Geographic Information - Metadata</mdStanName><mdStanVer Sync="TRUE">DIS_ESRI1.0</mdStanVer><mdChar><CharSetCd Sync="TRUE" value="004"></CharSetCd></mdChar><mdHrLv><ScopeCd Sync="TRUE" value="005"></ScopeCd></mdHrLv><mdHrLvName Sync="TRUE">dataset</mdHrLvName><distinfo><resdesc Sync="TRUE">Downloadable Data</resdesc><stdorder><digform><digtinfo><transize Sync="TRUE">0,000</transize><dssize Sync="TRUE">0,000</dssize></digtinfo></digform></stdorder></distinfo><spdoinfo><direct Sync="TRUE">Vector</direct><ptvctinf><esriterm Name="zonificacion"><efeatyp Sync="TRUE">Simple</efeatyp><efeageom Sync="TRUE">Polygon</efeageom><esritopo Sync="TRUE">FALSE</esritopo><efeacnt Sync="TRUE">0</efeacnt><spindex Sync="TRUE">TRUE</spindex><linrefer Sync="TRUE">FALSE</linrefer></esriterm><sdtsterm Name="zonificacion"><sdtstype Sync="TRUE">G-polygon</sdtstype><ptvctcnt Sync="TRUE">0</ptvctcnt></sdtsterm></ptvctinf></spdoinfo><spref><horizsys><cordsysn><geogcsn Sync="TRUE">GCS_MAGNA</geogcsn><projcsn Sync="TRUE">MAGNA_Colombia_Bogota</projcsn></cordsysn><planar><planci><plance Sync="TRUE">coordinate pair</plance><plandu Sync="TRUE">meters</plandu><coordrep><absres Sync="TRUE">0.000100</absres><ordres Sync="TRUE">0.000100</ordres></coordrep></planci><mapproj><mapprojn Sync="TRUE">Transverse Mercator</mapprojn><transmer><sfctrmer Sync="TRUE">1.000000</sfctrmer><longcm Sync="TRUE">-74.077508</longcm><latprjo Sync="TRUE">4.596200</latprjo><feast Sync="TRUE">1000000.000000</feast><fnorth Sync="TRUE">1000000.000000</fnorth></transmer></mapproj></planar><geodetic><horizdn Sync="TRUE">D_MAGNA</horizdn><ellips Sync="TRUE">Geodetic Reference System 80</ellips><semiaxis Sync="TRUE">6378137.000000</semiaxis><denflat Sync="TRUE">298.257222</denflat></geodetic></horizsys><vertdef><altsys><altenc Sync="TRUE">Explicit elevation coordinate included with horizontal coordinates</altenc><altres Sync="TRUE">0.000100</altres></altsys></vertdef></spref><refSysInfo><RefSystem><refSysID><identCode Sync="TRUE">MAGNA_Colombia_Bogota</identCode></refSysID></RefSystem></refSysInfo><spatRepInfo><VectSpatRep><topLvl><TopoLevCd Sync="TRUE" value="001"></TopoLevCd></topLvl><geometObjs Name="zonificacion"><geoObjTyp><GeoObjTypCd Sync="TRUE" value="001"></GeoObjTypCd></geoObjTyp><geoObjCnt Sync="TRUE">0</geoObjCnt></geometObjs></VectSpatRep></spatRepInfo><eainfo><detailed Name="zonificacion"><enttyp><enttypl Sync="TRUE">zonificacion</enttypl><enttypt Sync="TRUE">Feature Class</enttypt><enttypc Sync="TRUE">0</enttypc></enttyp><attr><attrlabl Sync="TRUE">OBJECTID_1</attrlabl><attalias Sync="TRUE">OBJECTID_1</attalias><attrtype Sync="TRUE">OID</attrtype><attwidth Sync="TRUE">4</attwidth><atprecis Sync="TRUE">0</atprecis><attscale Sync="TRUE">0</attscale><attrdef Sync="TRUE">Internal feature number.</attrdef><attrdefs Sync="TRUE">ESRI</attrdefs><attrdomv><udom Sync="TRUE">Sequential unique whole numbers that are automatically generated.</udom></attrdomv></attr><attr><attrlabl Sync="TRUE">OBJECTID</attrlabl><attalias Sync="TRUE">OBJECTID</attalias><attrtype Sync="TRUE">Integer</attrtype><attwidth Sync="TRUE">4</attwidth><attrdef Sync="TRUE">Internal feature number.</attrdef><attrdefs Sync="TRUE">ESRI</attrdefs><attrdomv><udom Sync="TRUE">Sequential unique whole numbers that are automatically generated.</udom></attrdomv><atprecis Sync="TRUE">0</atprecis><attscale Sync="TRUE">0</attscale></attr><attr><attrlabl Sync="TRUE">Shape</attrlabl><attalias Sync="TRUE">Shape</attalias><attrtype Sync="TRUE">Geometry</attrtype><attwidth Sync="TRUE">0</attwidth><atprecis Sync="TRUE">0</atprecis><attscale Sync="TRUE">0</attscale><attrdef Sync="TRUE">Feature geometry.</attrdef><attrdefs Sync="TRUE">ESRI</attrdefs><attrdomv><udom Sync="TRUE">Coordinates defining the features.</udom></attrdomv></attr><attr><attrlabl Sync="TRUE">Id</attrlabl><attalias Sync="TRUE">Id</attalias><attrtype Sync="TRUE">Integer</attrtype><attwidth Sync="TRUE">4</attwidth><atprecis Sync="TRUE">0</atprecis><attscale Sync="TRUE">0</attscale></attr><attr><attrlabl Sync="TRUE">Zona</attrlabl><attalias Sync="TRUE">Zona</attalias><attrtype Sync="TRUE">String</attrtype><attwidth Sync="TRUE">50</attwidth><atprecis Sync="TRUE">0</atprecis><attscale Sync="TRUE">0</attscale></attr><attr><attrlabl Sync="TRUE">ACUERDO</attrlabl><attalias Sync="TRUE">ACUERDO</attalias><attrtype Sync="TRUE">String</attrtype><attwidth Sync="TRUE">16</attwidth><atprecis Sync="TRUE">0</atprecis><attscale Sync="TRUE">0</attscale></attr><attr><attrlabl Sync="TRUE">Zona_Julio</attrlabl><attalias Sync="TRUE">Zona_Julio</attalias><attrtype Sync="TRUE">String</attrtype><attwidth Sync="TRUE">50</attwidth><atprecis Sync="TRUE">0</atprecis><attscale Sync="TRUE">0</attscale></attr><attr><attrlabl Sync="TRUE">Perimeter</attrlabl><attalias Sync="TRUE">Perimeter</attalias><attrtype Sync="TRUE">Double</attrtype><attwidth Sync="TRUE">8</attwidth><atprecis Sync="TRUE">0</atprecis><attscale Sync="TRUE">0</attscale></attr><attr><attrlabl Sync="TRUE">Area</attrlabl><attalias Sync="TRUE">Area</attalias><attrtype Sync="TRUE">Double</attrtype><attwidth Sync="TRUE">8</attwidth><atprecis Sync="TRUE">0</atprecis><attscale Sync="TRUE">0</attscale></attr><attr><attrlabl Sync="TRUE">Hectares</attrlabl><attalias Sync="TRUE">Hectares</attalias><attrtype Sync="TRUE">Double</attrtype><attwidth Sync="TRUE">8</attwidth><atprecis Sync="TRUE">0</atprecis><attscale Sync="TRUE">0</attscale></attr><attr><attrlabl Sync="TRUE">Zona_agos</attrlabl><attalias Sync="TRUE">Zona_agos</attalias><attrtype Sync="TRUE">String</attrtype><attwidth Sync="TRUE">50</attwidth><atprecis Sync="TRUE">0</atprecis><attscale Sync="TRUE">0</attscale></attr><attr><attrlabl Sync="TRUE">ORIG_FID</attrlabl><attalias Sync="TRUE">ORIG_FID</attalias><attrtype Sync="TRUE">Integer</attrtype><attwidth Sync="TRUE">4</attwidth><atprecis Sync="TRUE">0</atprecis><attscale Sync="TRUE">0</attscale></attr><attr><attrlabl Sync="TRUE">Shape_Length</attrlabl><attalias Sync="TRUE">Shape_Length</attalias><attrtype Sync="TRUE">Double</attrtype><attwidth Sync="TRUE">8</attwidth><atprecis Sync="TRUE">0</atprecis><attscale Sync="TRUE">0</attscale><attrdef Sync="TRUE">Length of feature in internal units.</attrdef><attrdefs Sync="TRUE">ESRI</attrdefs><attrdomv><udom Sync="TRUE">Positive real numbers that are automatically generated.</udom></attrdomv></attr><attr><attrlabl Sync="TRUE">Shape_Area</attrlabl><attalias Sync="TRUE">Shape_Area</attalias><attrtype Sync="TRUE">Double</attrtype><attwidth Sync="TRUE">8</attwidth><atprecis Sync="TRUE">0</atprecis><attscale Sync="TRUE">0</attscale><attrdef Sync="TRUE">Area of feature in internal units squared.</attrdef><attrdefs Sync="TRUE">ESRI</attrdefs><attrdomv><udom Sync="TRUE">Positive real numbers that are automatically generated.</udom></attrdomv></attr></detailed></eainfo><mdDateSt Sync="TRUE">20100824</mdDateSt></metadata>
